Company,TypeName,Inches,Ram_GB,Weight_kg,Touchscreen,IPS,Res_X,Res_Y,PPI,SSD_GB,HDD_GB,Flash_Storage_GB,Hybrid_GB,Cpu_gama,Gpu_marca,SO,Price_euros
Apple,Ultrabook,13.3,8,1.37,0,1,2560,1600,226.98300468106115,128.0,0.0,0.0,0.0,Intel Core i5,Intel,Mac,1339.69
Apple,Ultrabook,13.3,8,1.34,0,0,1440,900,127.67794013309688,0.0,0.0,128.0,0.0,Intel Core i5,Intel,Mac,898.94
HP,Notebook,15.6,8,1.86,0,0,1920,1080,141.21199808219862,256.0,0.0,0.0,0.0,Intel Core i5,Intel,Otro,575.0
Apple,Ultrabook,15.4,16,1.83,0,1,2880,1800,220.53462386625827,512.0,0.0,0.0,0.0,Intel Core i7,AMD,Mac,2537.45
Apple,Ultrabook,13.3,8,1.37,0,1,2560,1600,226.98300468106115,256.0,0.0,0.0,0.0,Intel Core i5,Intel,Mac,1803.6
Acer,Notebook,15.6,4,2.1,0,0,1366,768,100.45466986113651,0.0,500.0,0.0,0.0,AMD A9-Series 9420,AMD,Windows,400.0
Apple,Ultrabook,15.4,16,2.04,0,1,2880,1800,220.53462386625827,0.0,0.0,256.0,0.0,Intel Core i7,Intel,Mac,2139.97
Apple,Ultrabook,13.3,8,1.34,0,0,1440,900,127.67794013309688,0.0,0.0,256.0,0.0,Intel Core i5,Intel,Mac,1158.7
Asus,Ultrabook,14.0,16,1.3,0,0,1920,1080,157.3505121487356,512.0,0.0,0.0,0.0,Intel Core i7,Nvidia,Windows,1495.0
Acer,Ultrabook,14.0,8,1.6,0,1,1920,1080,157.3505121487356,256.0,0.0,0.0,0.0,Intel Core i5,Intel,Windows,770.0
HP,Notebook,15.6,4,1.86,0,0,1366,768,100.45466986113651,0.0,500.0,0.0,0.0,Intel Core i5,Intel,Otro,393.9
HP,Notebook,15.6,4,1.86,0,0,1920,1080,141.21199808219862,0.0,500.0,0.0,0.0,Intel Core i3,Intel,Otro,344.99
Apple,Ultrabook,15.4,16,1.83,0,1,2880,1800,220.53462386625827,256.0,0.0,0.0,0.0,Intel Core i7,AMD,Mac,2439.97
Dell,Notebook,15.6,4,2.2,0,0,1920,1080,141.21199808219862,256.0,0.0,0.0,0.0,Intel Core i3,AMD,Windows,498.9
Apple,Ultrabook,12.0,8,0.92,0,1,2304,1440,226.41554716935852,256.0,0.0,0.0,0.0,Intel Core M,Intel,Mac,1262.4
Apple,Ultrabook,13.3,8,1.37,0,1,2560,1600,226.98300468106115,256.0,0.0,0.0,0.0,Intel Core i5,Intel,Mac,1518.55
Dell,Notebook,15.6,8,2.2,0,0,1920,1080,141.21199808219862,256.0,0.0,0.0,0.0,Intel Core i7,AMD,Windows,745.0
Apple,Ultrabook,15.4,16,1.83,0,1,2880,1800,220.53462386625827,512.0,0.0,0.0,0.0,Intel Core i7,AMD,Mac,2858.0
Lenovo,Notebook,15.6,8,2.2,0,0,1920,1080,141.21199808219862,0.0,1000.0,0.0,0.0,Intel Core i3,Nvidia,Otro,499.0
Dell,Ultrabook,13.3,8,1.22,1,1,1920,1080,165.6321180513006,128.0,0.0,0.0,0.0,Intel Core i5,Intel,Windows,979.0
Asus,Netbook,11.6,2,0.98,0,0,1366,768,135.0942111925629,0.0,0.0,32.0,0.0,Otro,Intel,Windows,191.9
Lenovo,Gaming,15.6,8,2.5,0,1,1920,1080,141.21199808219862,128.0,1000.0,0.0,0.0,Intel Core i5,Nvidia,Windows,999.0
HP,Notebook,15.6,4,1.86,0,0,1366,768,100.45466986113651,0.0,500.0,0.0,0.0,Otro,AMD,Otro,258.0
Dell,2 in 1 Convertible,13.3,8,1.62,1,0,1920,1080,165.6321180513006,256.0,0.0,0.0,0.0,Intel Core i5,Intel,Windows,819.0
HP,Ultrabook,15.6,8,1.91,0,0,1920,1080,141.21199808219862,256.0,0.0,0.0,0.0,Intel Core i7,Intel,Windows,659.0
Dell,Notebook,15.6,4,2.3,0,0,1366,768,100.45466986113651,0.0,1000.0,0.0,0.0,Intel Core i3,Intel,Windows,418.64
Apple,Ultrabook,13.3,8,1.35,0,0,1440,900,127.67794013309688,0.0,0.0,128.0,0.0,Intel Core i5,Intel,Mac,1099.0
Dell,Notebook,15.6,8,2.2,0,0,1920,1080,141.21199808219862,256.0,0.0,0.0,0.0,Intel Core i5,AMD,Windows,800.0
Dell,Ultrabook,15.6,8,1.88,0,0,1920,1080,141.21199808219862,512.0,0.0,0.0,0.0,Intel Core i7,Intel,Windows,1298.0
HP,Notebook,17.3,8,2.5,0,0,1920,1080,127.33567457123111,0.0,1000.0,0.0,0.0,Intel Core i5,Nvidia,Windows,896.0
Chuwi,Notebook,15.6,4,1.89,0,0,1920,1080,141.21199808219862,0.0,0.0,64.0,0.0,Otro,Intel,Windows,244.99
Asus,Notebook,14.0,2,1.65,0,0,1366,768,111.93520355955211,0.0,0.0,32.0,0.0,Otro,AMD,Windows,199.0
HP,Notebook,17.3,4,2.71,0,0,1920,1080,127.33567457123111,0.0,500.0,0.0,0.0,Otro,AMD,Windows,439.0
Dell,Ultrabook,13.3,16,1.2,1,0,3200,1800,276.053530085501,512.0,0.0,0.0,0.0,Intel Core i7,Intel,Windows,1869.0
Apple,Ultrabook,13.3,8,1.35,0,0,1440,900,127.67794013309688,0.0,0.0,256.0,0.0,Intel Core i5,Intel,Mac,998.0
Lenovo,Notebook,14.0,4,1.44,0,0,1366,768,111.93520355955211,0.0,0.0,64.0,0.0,Intel Celeron Dual,Intel,Windows,249.0
Acer,Notebook,15.6,4,2.1,0,0,1366,768,100.45466986113651,0.0,1000.0,0.0,0.0,Intel Core i3,Intel,Linux,367.0
Dell,Notebook,17.3,8,2.8,0,1,1920,1080,127.33567457123111,128.0,1000.0,0.0,0.0,Intel Core i5,AMD,Windows,979.0
HP,Notebook,15.6,4,1.86,0,0,1366,768,100.45466986113651,0.0,1000.0,0.0,0.0,Intel Core i5,Intel,Windows,488.69
HP,Notebook,15.6,8,2.1,0,0,1920,1080,141.21199808219862,256.0,0.0,0.0,0.0,Intel Core i5,Nvidia,Windows,879.0
Asus,Notebook,15.6,4,2.0,0,0,1920,1080,141.21199808219862,0.0,1000.0,0.0,0.0,Intel Core i3,Intel,Linux,389.0
Dell,Gaming,15.6,16,2.65,0,1,1920,1080,141.21199808219862,256.0,1000.0,0.0,0.0,Intel Core i7,Nvidia,Windows,1499.0
Asus,Notebook,15.6,8,2.3,0,0,1366,768,100.45466986113651,0.0,1000.0,0.0,0.0,Intel Core i5,Nvidia,Linux,522.99
Acer,Notebook,15.6,4,2.2,0,1,1920,1080,141.21199808219862,256.0,0.0,0.0,0.0,Intel Core i5,Intel,Windows,682.0
Dell,2 in 1 Convertible,17.3,12,2.77,1,0,1920,1080,127.33567457123111,0.0,1000.0,0.0,0.0,Intel Core i5,Nvidia,Windows,999.0
Apple,Ultrabook,13.3,8,1.37,0,1,2560,1600,226.98300468106115,256.0,0.0,0.0,0.0,Intel Core i5,Intel,Mac,1419.0
Lenovo,Notebook,15.6,4,2.2,0,0,1366,768,100.45466986113651,128.0,0.0,0.0,0.0,Intel Core i3,Intel,Otro,369.0
Asus,Gaming,17.3,8,3.2,0,0,1920,1080,127.33567457123111,256.0,1000.0,0.0,0.0,Otro,AMD,Windows,1299.0
Dell,Notebook,15.6,4,2.3,0,0,1920,1080,141.21199808219862,256.0,0.0,0.0,0.0,Intel Core i5,AMD,Windows,639.0
Asus,Notebook,17.3,4,2.8,0,0,1366,768,90.58340172449303,0.0,1000.0,0.0,0.0,Intel Pentium Quad,Nvidia,Windows,466.0
Lenovo,2 in 1 Convertible,10.1,4,0.69,1,1,1920,1200,224.17380907857276,0.0,0.0,64.0,0.0,Otro,Intel,Otro,319.0
Acer,Notebook,15.6,8,2.2,0,1,1920,1080,141.21199808219862,256.0,0.0,0.0,0.0,Intel Core i7,Nvidia,Windows,841.0
HP,Notebook,15.6,4,1.86,0,0,1920,1080,141.21199808219862,256.0,0.0,0.0,0.0,Otro,AMD,Windows,398.49
HP,Notebook,13.3,8,1.49,0,0,1920,1080,165.6321180513006,512.0,0.0,0.0,0.0,Intel Core i7,Intel,Windows,1103.0
Acer,Notebook,15.6,4,2.4,0,0,1366,768,100.45466986113651,0.0,1000.0,0.0,0.0,Intel Core i3,Intel,Windows,384.0
Dell,Notebook,15.6,8,2.13,0,0,1920,1080,141.21199808219862,256.0,0.0,0.0,0.0,Intel Core i7,AMD,Windows,767.8
HP,Notebook,15.6,4,1.91,0,0,1920,1080,141.21199808219862,128.0,0.0,0.0,0.0,Intel Core i3,Intel,Windows,439.0
Asus,Notebook,15.6,4,2.0,0,0,1366,768,100.45466986113651,256.0,0.0,0.0,0.0,Intel Core i5,Intel,Windows,586.19
MSI,Gaming,17.3,16,2.43,0,0,1920,1080,127.33567457123111,256.0,2000.0,0.0,0.0,Intel Core i7,Nvidia,Windows,2449.0
Asus,Notebook,15.6,4,2.0,0,0,1920,1080,141.21199808219862,256.0,0.0,0.0,0.0,Intel Core i3,Intel,Linux,415.0
Dell,Notebook,17.3,16,2.8,0,0,1920,1080,127.33567457123111,256.0,2000.0,0.0,0.0,Intel Core i7,AMD,Windows,1299.0
Dell,Ultrabook,14.0,8,1.7,0,0,1920,1080,157.3505121487356,256.0,0.0,0.0,0.0,Intel Core i5,Intel,Windows,879.0
Lenovo,Notebook,14.0,8,1.7,0,1,1920,1080,157.3505121487356,256.0,0.0,0.0,0.0,Intel Core i3,Intel,Otro,599.0
Asus,Notebook,14.0,8,1.4,0,0,1920,1080,157.3505121487356,256.0,0.0,0.0,0.0,Intel Core i5,Intel,Windows,941.0
HP,Notebook,15.6,8,1.86,0,0,1920,1080,141.21199808219862,256.0,0.0,0.0,0.0,Intel Core i5,Intel,Windows,690.0
Asus,Ultrabook,15.6,16,1.8,0,0,1920,1080,141.21199808219862,512.0,0.0,0.0,0.0,Intel Core i7,Nvidia,Windows,1983.0
HP,Notebook,15.6,4,1.86,0,0,1366,768,100.45466986113651,0.0,500.0,0.0,0.0,Intel Core i3,AMD,Windows,438.69
HP,Notebook,14.0,4,1.44,0,0,1366,768,111.93520355955211,32.0,0.0,0.0,0.0,Intel Celeron Dual,Intel,Windows,229.0
Lenovo,Notebook,15.6,4,1.9,0,0,1920,1080,141.21199808219862,0.0,1000.0,0.0,0.0,Intel Core i5,Intel,Windows,549.0
Asus,Gaming,17.3,12,3.0,0,0,1920,1080,127.33567457123111,0.0,1000.0,0.0,0.0,Intel Core i7,Nvidia,Linux,949.0
Microsoft,Ultrabook,13.5,4,1.252,1,0,2256,1504,200.84255993695703,128.0,0.0,0.0,0.0,Intel Core i5,Intel,Windows,1089.0
Dell,Ultrabook,13.3,8,1.4,0,1,1920,1080,165.6321180513006,256.0,0.0,0.0,0.0,Intel Core i7,AMD,Windows,955.0
Dell,Notebook,15.6,8,2.2,0,0,1920,1080,141.21199808219862,256.0,0.0,0.0,0.0,Intel Core i7,AMD,Windows,870.0
MSI,Gaming,17.3,8,2.7,0,0,1920,1080,127.33567457123111,128.0,1000.0,0.0,0.0,Intel Core i5,Nvidia,Windows,1095.0
Acer,Notebook,14.0,8,2.1,0,0,1366,768,111.93520355955211,0.0,1000.0,0.0,0.0,Intel Core i3,Intel,Windows,389.0
Asus,Gaming,15.6,8,2.2,0,0,1920,1080,141.21199808219862,0.0,1000.0,0.0,0.0,Intel Core i7,Nvidia,Windows,949.0
Lenovo,Notebook,15.6,8,2.2,0,0,1920,1080,141.21199808219862,0.0,2000.0,0.0,0.0,Intel Core i5,Intel,Otro,519.0
Dell,Notebook,15.6,8,2.02,0,0,1920,1080,141.21199808219862,128.0,1000.0,0.0,0.0,Intel Core i7,Intel,Windows,855.0
Acer,Notebook,15.6,4,2.2,0,0,1920,1080,141.21199808219862,0.0,1000.0,0.0,0.0,Intel Core i3,Nvidia,Windows,530.0
HP,Notebook,17.3,8,2.5,0,0,1920,1080,127.33567457123111,128.0,1000.0,0.0,0.0,Intel Core i5,Nvidia,Windows,977.0
Dell,Ultrabook,15.6,8,1.88,0,1,1920,1080,141.21199808219862,256.0,0.0,0.0,0.0,Intel Core i5,Intel,Windows,1096.16
Apple,Ultrabook,12.0,8,0.92,0,1,2304,1440,226.41554716935852,512.0,0.0,0.0,0.0,Intel Core i5,Intel,Mac,1510.0
HP,Notebook,14.0,8,1.63,0,0,1920,1080,157.3505121487356,256.0,0.0,0.0,0.0,Intel Core i5,Intel,Windows,860.0
Lenovo,Notebook,15.6,4,2.2,0,0,1920,1080,141.21199808219862,128.0,0.0,0.0,0.0,Otro,AMD,Windows,399.0
Acer,Notebook,15.6,4,2.1,0,0,1366,768,100.45466986113651,0.0,1000.0,0.0,0.0,AMD A9-Series 9420,AMD,Windows,395.0
Dell,Gaming,15.6,16,2.65,0,1,1920,1080,141.21199808219862,128.0,1000.0,0.0,0.0,Intel Core i7,Nvidia,Windows,1349.0
HP,Ultrabook,15.6,8,1.83,0,1,1920,1080,141.21199808219862,256.0,0.0,0.0,0.0,Intel Core i7,Nvidia,Windows,699.0
HP,Notebook,15.6,8,1.96,0,0,1920,1080,141.21199808219862,256.0,0.0,0.0,0.0,Intel Core i5,Intel,Windows,598.99
Asus,Gaming,15.6,16,2.2,0,1,1920,1080,141.21199808219862,128.0,1000.0,0.0,0.0,Intel Core i7,Nvidia,Windows,1449.0
Dell,Ultrabook,13.3,8,1.21,0,1,1920,1080,165.6321180513006,256.0,0.0,0.0,0.0,Intel Core i7,Intel,Windows,1649.0
Asus,Gaming,15.6,8,2.45,0,0,1920,1080,141.21199808219862,0.0,1000.0,0.0,0.0,Otro,AMD,Windows,699.0
Acer,Notebook,15.6,8,2.2,0,0,1920,1080,141.21199808219862,0.0,1000.0,0.0,0.0,Intel Core i7,Nvidia,Windows,689.0
HP,Notebook,13.3,16,1.49,0,0,1920,1080,165.6321180513006,512.0,0.0,0.0,0.0,Intel Core i7,Intel,Windows,1197.0
Dell,Gaming,15.6,8,2.65,0,0,1920,1080,141.21199808219862,256.0,0.0,0.0,0.0,Intel Core i5,Nvidia,Windows,1195.0
Asus,Ultrabook,14.0,8,1.25,0,0,1920,1080,157.3505121487356,256.0,0.0,0.0,0.0,Intel Core i7,Intel,Windows,1049.0
Acer,2 in 1 Convertible,13.3,8,1.5,1,1,1920,1080,165.6321180513006,256.0,0.0,0.0,0.0,Intel Core i5,Intel,Windows,847.0
Dell,Notebook,15.6,8,2.2,0,0,1920,1080,141.21199808219862,0.0,1000.0,0.0,0.0,Intel Core i7,AMD,Linux,599.9
Dell,Notebook,15.6,4,2.2,0,0,1920,1080,141.21199808219862,256.0,0.0,0.0,0.0,Intel Core i3,AMD,Linux,485.0
Asus,Notebook,15.6,6,2.0,0,0,1920,1080,141.21199808219862,256.0,0.0,0.0,0.0,Intel Core i3,Nvidia,Windows,577.0
HP,Gaming,15.6,12,2.62,0,1,1920,1080,141.21199808219862,128.0,1000.0,0.0,0.0,Intel Core i7,Nvidia,Windows,1249.0
HP,Notebook,15.6,8,1.91,0,0,1920,1080,141.21199808219862,256.0,0.0,0.0,0.0,Intel Core i7,AMD,Windows,719.0
HP,Notebook,15.6,4,2.1,0,0,1920,1080,141.21199808219862,0.0,500.0,0.0,0.0,Otro,AMD,Windows,349.0
Dell,Notebook,15.6,8,2.2,0,0,1920,1080,141.21199808219862,0.0,1000.0,0.0,0.0,Intel Core i5,AMD,Linux,647.0
HP,Ultrabook,13.3,8,1.38,0,1,1920,1080,165.6321180513006,256.0,0.0,0.0,0.0,Intel Core i7,Nvidia,Windows,1119.0
Microsoft,Ultrabook,13.5,8,1.252,1,0,2256,1504,200.84255993695703,256.0,0.0,0.0,0.0,Intel Core i5,Intel,Windows,1340.0
HP,Notebook,14.0,6,1.58,0,1,1920,1080,157.3505121487356,256.0,0.0,0.0,0.0,Intel Core i5,Nvidia,Windows,659.0
Lenovo,Notebook,15.6,4,1.85,0,0,1920,1080,141.21199808219862,0.0,1000.0,0.0,0.0,Intel Core i3,Intel,Windows,414.9
Asus,Ultrabook,14.0,8,1.3,0,1,1920,1080,157.3505121487356,256.0,0.0,0.0,0.0,Intel Core i7,Nvidia,Windows,1193.0
MSI,Gaming,15.6,16,2.2,0,0,1920,1080,141.21199808219862,256.0,1000.0,0.0,0.0,Intel Core i7,Nvidia,Windows,1299.0
Lenovo,Notebook,14.0,8,1.58,0,1,1920,1080,157.3505121487356,256.0,0.0,0.0,0.0,Intel Core i7,Intel,Windows,1480.0
Asus,Ultrabook,15.6,16,1.5,0,0,1920,1080,141.21199808219862,256.0,1000.0,0.0,0.0,Intel Core i7,Nvidia,Windows,1262.0
Dell,Ultrabook,13.3,8,1.23,1,0,3200,1800,276.053530085501,256.0,0.0,0.0,0.0,Intel Core i7,Intel,Windows,1379.0
Lenovo,2 in 1 Convertible,13.3,8,1.37,1,1,1920,1080,165.6321180513006,256.0,0.0,0.0,0.0,Intel Core i5,Intel,Windows,1399.0
HP,Notebook,14.0,4,1.63,0,1,1366,768,111.93520355955211,0.0,500.0,0.0,0.0,Intel Core i5,Intel,Windows,722.0
Dell,Ultrabook,13.3,8,1.21,0,1,1920,1080,165.6321180513006,256.0,0.0,0.0,0.0,Intel Core i5,Intel,Windows,1629.0
HP,2 in 1 Convertible,13.3,8,1.26,1,1,1920,1080,165.6321180513006,256.0,0.0,0.0,0.0,Intel Core i5,Intel,Windows,1398.99
HP,Notebook,14.0,8,1.63,0,0,1920,1080,157.3505121487356,512.0,0.0,0.0,0.0,Intel Core i7,Intel,Windows,1084.0
Dell,Notebook,15.6,8,2.16,0,1,1920,1080,141.21199808219862,256.0,1000.0,0.0,0.0,Intel Core i7,Nvidia,Windows,1130.33
Asus,Notebook,17.3,4,2.0,0,0,1920,1080,127.33567457123111,0.0,1000.0,0.0,0.0,Intel Core i3,Nvidia,Windows,564.0
Asus,Notebook,15.6,8,1.7,0,0,1920,1080,141.21199808219862,256.0,0.0,0.0,0.0,Intel Core i7,Nvidia,Windows,1118.0
Acer,Notebook,15.6,6,2.1,1,1,1920,1080,141.21199808219862,0.0,1000.0,0.0,0.0,Intel Core i3,Intel,Windows,479.0
MSI,Gaming,15.6,16,1.8,0,0,1920,1080,141.21199808219862,256.0,2000.0,0.0,0.0,Intel Core i7,Nvidia,Windows,2241.5
Lenovo,Notebook,15.6,8,2.2,0,0,1920,1080,141.21199808219862,256.0,0.0,0.0,0.0,Intel Core i5,Nvidia,Otro,629.0
HP,Notebook,17.3,16,2.5,0,0,1920,1080,127.33567457123111,512.0,0.0,0.0,0.0,Intel Core i7,Nvidia,Windows,1271.0
Acer,Notebook,15.6,4,2.1,0,0,1366,768,100.45466986113651,256.0,0.0,0.0,0.0,AMD A9-Series 9420,AMD,Windows,451.0
HP,Notebook,15.6,4,1.86,0,0,1366,768,100.45466986113651,0.0,500.0,0.0,0.0,Intel Celeron Dual,Intel,Otro,259.0
HP,Notebook,14.0,8,1.63,0,0,1920,1080,157.3505121487356,0.0,1000.0,0.0,0.0,Intel Core i5,Intel,Windows,812.0
Asus,Notebook,14.0,4,1.65,0,0,1366,768,111.93520355955211,64.0,0.0,0.0,0.0,Otro,AMD,Windows,277.99
Dell,Notebook,17.3,16,2.8,0,0,1920,1080,127.33567457123111,256.0,2000.0,0.0,0.0,Intel Core i7,AMD,Windows,1396.0
HP,Notebook,17.3,8,2.5,0,0,1920,1080,127.33567457123111,256.0,0.0,0.0,0.0,Intel Core i5,Intel,Windows,928.0
Dell,Notebook,15.6,8,2.36,0,0,1366,768,100.45466986113651,0.0,1000.0,0.0,0.0,Intel Core i5,AMD,Windows,638.99
Dell,Notebook,15.6,4,2.2,0,0,1920,1080,141.21199808219862,0.0,1000.0,0.0,0.0,Intel Core i3,AMD,Windows,449.0
Acer,Ultrabook,14.0,8,1.6,0,1,1920,1080,157.3505121487356,256.0,0.0,0.0,0.0,Intel Core i7,Intel,Windows,884.0
Acer,Notebook,15.6,4,2.2,0,0,1920,1080,141.21199808219862,256.0,0.0,0.0,0.0,Intel Core i3,Nvidia,Windows,572.0
HP,Notebook,15.6,8,2.05,0,0,1366,768,100.45466986113651,0.0,1000.0,0.0,0.0,Intel Core i7,Intel,Windows,598.0
HP,Notebook,14.0,8,1.63,0,0,1920,1080,157.3505121487356,256.0,0.0,0.0,0.0,Intel Core i7,Intel,Windows,988.0
Lenovo,Notebook,15.6,4,1.9,0,0,1366,768,100.45466986113651,0.0,1000.0,0.0,0.0,Intel Celeron Dual,Intel,Otro,252.36
Asus,Gaming,17.3,8,3.0,0,0,1920,1080,127.33567457123111,128.0,1000.0,0.0,0.0,Intel Core i5,Nvidia,Windows,938.0
Lenovo,Notebook,15.6,4,2.2,0,0,1920,1080,141.21199808219862,0.0,1000.0,0.0,0.0,Intel Core i5,Nvidia,Otro,499.0
HP,Notebook,13.3,4,1.32,0,1,1920,1080,165.6321180513006,256.0,0.0,0.0,0.0,Intel Core i5,Intel,Windows,699.0
Acer,Notebook,17.3,4,3.0,0,1,1920,1080,127.33567457123111,0.0,1000.0,0.0,0.0,Intel Core i3,Nvidia,Windows,655.0
Lenovo,Notebook,14.0,8,1.75,0,1,1920,1080,157.3505121487356,256.0,0.0,0.0,0.0,Intel Core i5,AMD,Windows,1116.02
Lenovo,Gaming,15.6,8,2.4,0,1,1920,1080,141.21199808219862,256.0,0.0,0.0,0.0,Intel Core i7,Nvidia,Otro,869.0
Toshiba,Notebook,15.6,4,2.1,0,0,1366,768,100.45466986113651,0.0,500.0,0.0,0.0,Intel Core i5,Intel,Windows,602.0
HP,Notebook,15.6,4,1.86,0,0,1366,768,100.45466986113651,256.0,0.0,0.0,0.0,Otro,AMD,Windows,369.0
Asus,Ultrabook,14.0,8,1.25,0,0,1920,1080,157.3505121487356,256.0,0.0,0.0,0.0,Intel Core i7,Intel,Windows,1099.0
HP,Ultrabook,12.5,8,0.97,1,1,3840,2160,352.4651472131677,512.0,0.0,0.0,0.0,Intel Core M,Intel,Windows,2014.0
Asus,Notebook,15.6,4,2.0,0,0,1920,1080,141.21199808219862,0.0,1000.0,0.0,0.0,Intel Celeron Dual,Intel,Windows,344.0
MSI,Gaming,17.3,16,2.9,0,0,1920,1080,127.33567457123111,256.0,1000.0,0.0,0.0,Intel Core i7,Nvidia,Windows,2029.0
Acer,Notebook,15.6,4,2.1,0,0,1366,768,100.45466986113651,0.0,1000.0,0.0,0.0,Intel Core i3,Intel,Windows,447.0
Dell,Gaming,15.6,16,2.56,0,0,1920,1080,141.21199808219862,512.0,0.0,0.0,0.0,Intel Core i7,Nvidia,Windows,1249.26
Dell,Gaming,15.6,8,2.62,0,0,1920,1080,141.21199808219862,0.0,0.0,0.0,1000.0,Intel Core i7,Nvidia,Windows,899.0
Lenovo,Notebook,15.6,4,1.9,0,0,1366,768,100.45466986113651,128.0,0.0,0.0,0.0,Intel Core i5,Intel,Windows,498.0
MSI,Gaming,17.3,16,2.8,0,0,1920,1080,127.33567457123111,256.0,1000.0,0.0,0.0,Intel Core i7,Nvidia,Windows,1890.0
HP,Ultrabook,14.0,4,1.48,0,0,1920,1080,157.3505121487356,256.0,0.0,0.0,0.0,Intel Core i5,Intel,Windows,1082.0
HP,Notebook,15.6,6,1.91,0,0,1920,1080,141.21199808219862,256.0,0.0,0.0,0.0,Intel Core i5,AMD,Windows,619.0
Lenovo,2 in 1 Convertible,14.0,4,1.74,1,1,1920,1080,157.3505121487356,256.0,0.0,0.0,0.0,Intel Core i3,Intel,Windows,629.0
Asus,2 in 1 Convertible,13.3,8,1.1,1,0,1920,1080,165.6321180513006,256.0,0.0,0.0,0.0,Intel Core i5,Intel,Windows,1315.0
Dell,2 in 1 Convertible,15.6,8,1.56,1,0,1920,1080,141.21199808219862,256.0,0.0,0.0,0.0,Intel Core i7,Intel,Windows,1049.0
Toshiba,Notebook,15.6,4,2.1,0,0,1366,768,100.45466986113651,0.0,500.0,0.0,0.0,Intel Core i3,Intel,Windows,447.0
Asus,Notebook,15.6,4,2.03,0,0,1366,768,100.45466986113651,0.0,1000.0,0.0,0.0,AMD A9-Series 9420,AMD,Windows,403.0
Acer,Notebook,17.3,4,3.0,0,1,1920,1080,127.33567457123111,256.0,0.0,0.0,0.0,Intel Core i5,Nvidia,Windows,805.0
Dell,Notebook,15.6,8,2.13,0,0,1920,1080,141.21199808219862,256.0,0.0,0.0,0.0,Intel Core i5,AMD,Windows,728.0
Lenovo,Gaming,15.6,16,2.5,0,1,1920,1080,141.21199808219862,256.0,0.0,0.0,0.0,Intel Core i7,Nvidia,Windows,1079.0
Acer,Notebook,15.6,4,2.1,0,0,1366,768,100.45466986113651,0.0,1000.0,0.0,0.0,Intel Celeron Dual,Intel,Windows,348.0
MSI,Gaming,15.6,16,2.4,0,1,1920,1080,141.21199808219862,256.0,1000.0,0.0,0.0,Intel Core i7,Nvidia,Windows,1799.0
Acer,Notebook,15.6,4,2.1,0,0,1366,768,100.45466986113651,0.0,1000.0,0.0,0.0,Intel Pentium Quad,Intel,Windows,363.51
Dell,Gaming,15.6,8,2.56,0,0,1920,1080,141.21199808219862,128.0,1000.0,0.0,0.0,Intel Core i7,Nvidia,Windows,1060.49
Acer,Notebook,17.3,8,3.0,0,1,1920,1080,127.33567457123111,256.0,0.0,0.0,0.0,Intel Core i5,Nvidia,Windows,854.0
HP,Notebook,13.3,4,1.49,0,1,1920,1080,165.6321180513006,0.0,500.0,0.0,0.0,Intel Core i5,Intel,Windows,754.0
Huawei,Ultrabook,13.0,8,1.05,0,1,2160,1440,199.69207064108247,256.0,0.0,0.0,0.0,Intel Core i5,Intel,Windows,1349.0
HP,Notebook,17.3,6,2.71,0,1,1920,1080,127.33567457123111,0.0,2000.0,0.0,0.0,Intel Core i5,AMD,Windows,699.0
Lenovo,Notebook,15.6,4,2.2,0,0,1366,768,100.45466986113651,0.0,500.0,0.0,0.0,Otro,AMD,Otro,309.0
Toshiba,Notebook,15.6,4,2.0,0,0,1366,768,100.45466986113651,0.0,500.0,0.0,0.0,Intel Core i3,Intel,Windows,489.0
HP,Notebook,17.3,8,2.5,0,0,1920,1080,127.33567457123111,256.0,0.0,0.0,0.0,Intel Core i5,Nvidia,Windows,923.0
Dell,Notebook,15.6,8,2.3,0,0,1366,768,100.45466986113651,0.0,1000.0,0.0,0.0,Intel Core i3,Intel,Windows,459.0
Acer,Notebook,15.6,4,2.1,0,0,1366,768,100.45466986113651,128.0,0.0,0.0,0.0,Intel Core i3,Intel,Windows,449.0
MSI,Gaming,18.4,32,4.4,0,0,1920,1080,119.7232157653423,512.0,1000.0,0.0,0.0,Intel Core i7,Nvidia,Windows,2799.0
Lenovo,Notebook,15.6,8,1.9,0,0,1920,1080,141.21199808219862,128.0,1000.0,0.0,0.0,Intel Core i5,AMD,Windows,813.0
HP,2 in 1 Convertible,13.3,8,1.29,1,1,3840,2160,331.2642361026012,256.0,0.0,0.0,0.0,Intel Core i5,Intel,Windows,1499.0
Dell,Notebook,15.6,16,2.02,0,0,1920,1080,141.21199808219862,256.0,2000.0,0.0,0.0,Intel Core i7,AMD,Linux,1049.0
Dell,Ultrabook,13.3,8,1.23,0,0,1920,1080,165.6321180513006,256.0,0.0,0.0,0.0,Intel Core i5,Intel,Windows,1399.0
Lenovo,2 in 1 Convertible,13.9,16,1.4,1,1,3840,2160,316.96506044349616,512.0,0.0,0.0,0.0,Intel Core i7,Intel,Windows,1849.0
Toshiba,Notebook,15.6,8,2.0,0,0,1366,768,100.45466986113651,128.0,0.0,0.0,0.0,Intel Core i5,Intel,Windows,793.0
Xiaomi,Notebook,15.6,8,1.95,0,1,1920,1080,141.21199808219862,256.0,0.0,0.0,0.0,Intel Core i5,Nvidia,Otro,1199.0
Dell,Notebook,17.3,16,2.77,1,0,1920,1080,127.33567457123111,512.0,0.0,0.0,0.0,Intel Core i7,Nvidia,Windows,1549.0
Dell,Notebook,15.6,16,2.06,1,0,3840,2160,282.42399616439724,512.0,0.0,0.0,0.0,Intel Core i7,Nvidia,Windows,2397.0
Lenovo,Gaming,15.6,8,2.4,0,1,1920,1080,141.21199808219862,256.0,0.0,0.0,0.0,Intel Core i5,Nvidia,Otro,779.0
Acer,Ultrabook,13.3,8,1.12,0,1,1920,1080,165.6321180513006,256.0,0.0,0.0,0.0,Intel Core i5,Intel,Windows,989.0
Dell,Notebook,17.3,8,2.8,0,0,1920,1080,127.33567457123111,128.0,1000.0,0.0,0.0,Intel Core i7,AMD,Windows,1085.0
Lenovo,2 in 1 Convertible,14.0,16,1.42,1,0,2560,1440,209.8006828649808,1000.0,0.0,0.0,0.0,Intel Core i7,Intel,Windows,2824.0
Vero,Notebook,14.0,4,1.3,0,1,1920,1080,157.3505121487356,0.0,0.0,32.0,0.0,Intel Celeron Dual,Intel,Windows,260.0
Xiaomi,Ultrabook,13.3,8,1.3,0,1,1920,1080,165.6321180513006,256.0,0.0,0.0,0.0,Intel Core i5,Nvidia,Otro,999.9
Lenovo,Notebook,17.3,8,2.8,0,0,1600,900,106.11306214269258,256.0,0.0,0.0,0.0,Intel Core i5,Nvidia,Otro,698.0
Dell,2 in 1 Convertible,13.3,8,1.62,1,1,1920,1080,165.6321180513006,0.0,1000.0,0.0,0.0,Intel Core i7,Intel,Windows,839.0
HP,Notebook,17.3,8,2.5,0,1,1920,1080,127.33567457123111,0.0,1000.0,0.0,0.0,Intel Core i5,Nvidia,Windows,914.0
Razer,Gaming,17.3,32,3.49,1,0,3840,2160,254.67134914246222,1000.0,0.0,0.0,0.0,Intel Core i7,Nvidia,Windows,6099.0
HP,Notebook,13.3,8,1.49,0,0,1920,1080,165.6321180513006,512.0,0.0,0.0,0.0,Intel Core i5,Intel,Windows,959.0
HP,Gaming,17.3,16,3.35,0,1,1920,1080,127.33567457123111,256.0,1000.0,0.0,0.0,Intel Core i7,Nvidia,Windows,1379.0
HP,Notebook,17.3,8,2.5,0,0,1920,1080,127.33567457123111,256.0,0.0,0.0,0.0,Intel Core i7,Nvidia,Windows,1045.0
Dell,Gaming,15.6,16,2.65,0,1,3840,2160,282.42399616439724,512.0,1000.0,0.0,0.0,Intel Core i7,Nvidia,Windows,1845.0
Lenovo,Notebook,15.6,4,2.1,0,0,1366,768,100.45466986113651,128.0,0.0,0.0,0.0,Intel Core i5,Intel,Windows,493.0
Acer,Notebook,15.6,8,2.23,0,0,1920,1080,141.21199808219862,0.0,1000.0,0.0,0.0,Intel Core i7,Nvidia,Windows,742.0
Lenovo,Gaming,15.6,16,3.2,0,1,1920,1080,141.21199808219862,512.0,1000.0,0.0,0.0,Intel Core i7,Nvidia,Windows,1749.0
Dell,Workstation,15.6,16,2.8,0,0,3840,2160,282.42399616439724,256.0,1000.0,0.0,0.0,Otro,Nvidia,Windows,3055.0
Lenovo,Gaming,15.6,16,2.4,0,0,1920,1080,141.21199808219862,512.0,0.0,0.0,0.0,Intel Core i7,Nvidia,Otro,1398.0
Dell,Notebook,15.6,6,2.3,1,0,1366,768,100.45466986113651,0.0,1000.0,0.0,0.0,Intel Core i3,Intel,Windows,439.0
Dell,Ultrabook,13.3,8,1.21,1,1,3840,2160,331.2642361026012,256.0,0.0,0.0,0.0,Intel Core i7,Intel,Windows,1949.0
Dell,Ultrabook,13.3,8,1.2,0,0,1920,1080,165.6321180513006,256.0,0.0,0.0,0.0,Intel Core i7,Intel,Windows,1449.0
Lenovo,Notebook,15.6,8,2.2,0,0,1366,768,100.45466986113651,256.0,0.0,0.0,0.0,Intel Core i5,Intel,Windows,597.0
Acer,Notebook,15.6,8,2.4,0,0,1920,1080,141.21199808219862,0.0,1000.0,0.0,0.0,Intel Core i7,Nvidia,Linux,779.0
Asus,Gaming,17.3,16,2.9,0,0,1920,1080,127.33567457123111,256.0,1000.0,0.0,0.0,Intel Core i7,Nvidia,Windows,1407.0
HP,Notebook,15.6,4,2.1,0,0,1920,1080,141.21199808219862,0.0,500.0,0.0,0.0,Intel Core i3,Intel,Otro,349.0
Lenovo,Notebook,15.6,8,2.2,0,0,1920,1080,141.21199808219862,256.0,0.0,0.0,0.0,Intel Core i5,Intel,Otro,549.0
Huawei,Ultrabook,13.0,8,1.05,0,1,2160,1440,199.69207064108247,512.0,0.0,0.0,0.0,Intel Core i7,Intel,Windows,1499.0
Dell,Ultrabook,13.3,8,1.4,0,1,1920,1080,165.6321180513006,256.0,0.0,0.0,0.0,Intel Core i7,AMD,Windows,931.88
Lenovo,Notebook,17.3,8,2.8,0,0,1600,900,106.11306214269258,0.0,1000.0,0.0,0.0,Intel Core i5,Nvidia,Otro,589.0
HP,Notebook,14.0,8,1.63,0,0,1920,1080,157.3505121487356,256.0,0.0,0.0,0.0,Intel Core i7,Nvidia,Windows,1031.0
Dell,Ultrabook,14.0,8,1.6,0,0,1920,1080,157.3505121487356,256.0,0.0,0.0,0.0,Intel Core i5,Intel,Windows,1149.0
Dell,2 in 1 Convertible,13.3,16,1.62,1,0,1920,1080,165.6321180513006,512.0,0.0,0.0,0.0,Intel Core i7,Intel,Windows,1279.0
Dell,Notebook,15.6,8,2.2,0,0,1920,1080,141.21199808219862,256.0,0.0,0.0,0.0,Intel Core i5,AMD,Linux,677.35
Lenovo,2 in 1 Convertible,14.0,8,1.74,0,1,1920,1080,157.3505121487356,256.0,0.0,0.0,0.0,Intel Core i5,Intel,Windows,899.0
Toshiba,Ultrabook,13.3,8,1.2,0,0,1920,1080,165.6321180513006,256.0,0.0,0.0,0.0,Intel Core i7,Intel,Windows,1363.0
HP,Notebook,15.6,8,2.1,0,0,1920,1080,141.21199808219862,0.0,1000.0,0.0,0.0,Intel Core i5,Intel,Windows,794.0
Dell,Gaming,17.3,16,4.42,0,1,1920,1080,127.33567457123111,256.0,1000.0,0.0,0.0,Intel Core i7,Nvidia,Windows,2456.34
Acer,Notebook,15.6,8,2.2,0,0,1920,1080,141.21199808219862,256.0,0.0,0.0,0.0,Intel Core i7,Nvidia,Windows,832.0
Dell,Notebook,15.6,16,2.3,1,0,1920,1080,141.21199808219862,0.0,1000.0,0.0,0.0,Intel Core i7,AMD,Windows,859.01
Asus,Notebook,15.6,8,2.0,0,0,1920,1080,141.21199808219862,256.0,0.0,0.0,0.0,Intel Core i5,Nvidia,Windows,769.0
Asus,Notebook,17.3,8,2.69,0,0,1920,1080,127.33567457123111,256.0,500.0,0.0,0.0,Intel Core i5,Nvidia,Windows,891.0
HP,Notebook,15.6,8,1.9,0,0,1920,1080,141.21199808219862,0.0,1000.0,0.0,0.0,Intel Core i7,AMD,Windows,1269.0
Asus,Notebook,15.6,4,2.37,0,0,1366,768,100.45466986113651,0.0,1000.0,0.0,0.0,Intel Core i3,Intel,Windows,398.99
HP,Notebook,15.6,4,2.1,0,0,1366,768,100.45466986113651,0.0,500.0,0.0,0.0,Otro,AMD,Windows,330.0
Lenovo,Gaming,15.6,16,3.2,0,1,1920,1080,141.21199808219862,256.0,1000.0,0.0,0.0,Intel Core i7,Nvidia,Windows,1499.0
Dell,Notebook,14.0,8,1.6,0,0,1920,1080,157.3505121487356,256.0,0.0,0.0,0.0,Intel Core i5,Intel,Windows,859.0
Acer,2 in 1 Convertible,13.3,8,1.6,1,1,1920,1080,165.6321180513006,256.0,0.0,0.0,0.0,Intel Core i5,Intel,Windows,689.0
Dell,Notebook,15.6,16,2.36,0,0,1920,1080,141.21199808219862,256.0,0.0,0.0,0.0,Intel Core i7,AMD,Linux,899.0
Acer,Notebook,15.6,4,2.1,0,0,1366,768,100.45466986113651,0.0,1000.0,0.0,0.0,Intel Core i3,Intel,Linux,390.0
Asus,Notebook,15.6,4,2.2,0,0,1920,1080,141.21199808219862,128.0,1000.0,0.0,0.0,Otro,AMD,Windows,575.0
Asus,Gaming,17.3,32,4.7,0,0,1920,1080,127.33567457123111,512.0,1000.0,0.0,0.0,Intel Core i7,Nvidia,Windows,3890.0
Acer,Gaming,15.6,8,2.5,0,1,1920,1080,141.21199808219862,256.0,0.0,0.0,0.0,Intel Core i5,Nvidia,Windows,846.0
Lenovo,Notebook,15.6,8,2.2,0,0,1366,768,100.45466986113651,128.0,0.0,0.0,0.0,Intel Core i3,Intel,Windows,589.0
Asus,Notebook,17.3,8,2.1,0,0,1920,1080,127.33567457123111,128.0,1000.0,0.0,0.0,Intel Core i7,Nvidia,Windows,1145.0
Asus,Notebook,17.3,8,2.69,0,0,1920,1080,127.33567457123111,128.0,1000.0,0.0,0.0,Intel Core i7,Nvidia,Otro,889.0
Dell,Gaming,15.6,8,2.56,0,0,1920,1080,141.21199808219862,256.0,0.0,0.0,0.0,Intel Core i5,Nvidia,Windows,879.0
Lenovo,2 in 1 Convertible,13.9,8,1.38,1,1,1920,1080,158.48253022174808,256.0,0.0,0.0,0.0,Intel Core i7,Intel,Windows,1079.0
Dell,Notebook,15.6,8,2.2,0,0,1920,1080,141.21199808219862,128.0,2000.0,0.0,0.0,Intel Core i7,AMD,Windows,985.0
HP,Notebook,15.6,8,2.04,1,0,1366,768,100.45466986113651,0.0,1000.0,0.0,0.0,Intel Core i5,Intel,Windows,559.0
Asus,Gaming,17.3,16,3.6,0,0,1920,1080,127.33567457123111,256.0,0.0,0.0,0.0,Intel Core i7,Nvidia,Windows,2999.0
HP,Notebook,13.3,4,1.49,0,1,1920,1080,165.6321180513006,0.0,500.0,0.0,0.0,Intel Core i5,Intel,Windows,675.0
Apple,Ultrabook,13.3,8,1.37,0,1,2560,1600,226.98300468106115,512.0,0.0,0.0,0.0,Intel Core i5,Intel,Mac,2040.0
Dell,2 in 1 Convertible,15.6,8,2.08,1,1,1920,1080,141.21199808219862,0.0,1000.0,0.0,0.0,Intel Core i7,Intel,Windows,819.0
Asus,Gaming,17.3,16,4.3,0,0,1920,1080,127.33567457123111,256.0,1000.0,0.0,0.0,Intel Core i7,Nvidia,Windows,1799.0
Asus,Notebook,15.6,4,1.68,0,0,1366,768,100.45466986113651,0.0,1000.0,0.0,0.0,AMD A9-Series 9420,AMD,Windows,469.0
Lenovo,2 in 1 Convertible,13.9,8,1.37,1,1,1920,1080,158.48253022174808,512.0,0.0,0.0,0.0,Intel Core i7,Intel,Windows,1849.0
Acer,Notebook,17.3,4,3.0,0,1,1920,1080,127.33567457123111,256.0,0.0,0.0,0.0,Intel Core i3,Nvidia,Windows,702.0
Dell,Ultrabook,13.3,8,1.41,0,0,1920,1080,165.6321180513006,256.0,0.0,0.0,0.0,Intel Core i5,Intel,Windows,949.0
HP,Notebook,15.6,8,1.91,0,0,1366,768,100.45466986113651,128.0,0.0,0.0,0.0,Otro,AMD,Windows,445.9
HP,Notebook,17.3,16,2.9,0,1,1920,1080,127.33567457123111,0.0,1000.0,0.0,0.0,Intel Core i7,Nvidia,Windows,1059.0
MSI,Gaming,17.3,16,4.14,0,0,1920,1080,127.33567457123111,512.0,1000.0,0.0,0.0,Intel Core i7,Nvidia,Windows,2499.0
Lenovo,2 in 1 Convertible,15.6,8,2.0,1,1,1920,1080,141.21199808219862,512.0,0.0,0.0,0.0,Intel Core i7,Nvidia,Windows,1699.0
Dell,Notebook,17.3,8,2.8,0,0,1920,1080,127.33567457123111,128.0,1000.0,0.0,0.0,Intel Core i7,AMD,Windows,1142.0
Lenovo,Notebook,15.6,4,2.2,0,0,1920,1080,141.21199808219862,256.0,0.0,0.0,0.0,Intel Core i3,Intel,Otro,444.0
HP,Notebook,15.6,4,2.1,0,1,1920,1080,141.21199808219862,0.0,500.0,0.0,0.0,Intel Core i5,Intel,Windows,722.0
Dell,Notebook,15.6,4,2.18,0,0,1920,1080,141.21199808219862,0.0,1000.0,0.0,0.0,Intel Core i5,Intel,Windows,657.0
Dell,Notebook,15.6,8,2.24,0,0,1920,1080,141.21199808219862,0.0,1000.0,0.0,0.0,Intel Core i5,AMD,Windows,565.0
Dell,2 in 1 Convertible,15.6,8,2.67,1,0,1920,1080,141.21199808219862,256.0,0.0,0.0,0.0,Intel Core i5,Intel,Windows,799.0
Asus,2 in 1 Convertible,13.3,8,1.1,1,0,1920,1080,165.6321180513006,1024.0,0.0,0.0,0.0,Intel Core i7,Intel,Windows,1499.0
Lenovo,Notebook,15.6,4,2.2,0,0,1920,1080,141.21199808219862,0.0,1000.0,0.0,0.0,Intel Core i5,Intel,Otro,467.0
HP,Notebook,17.3,8,2.5,0,0,1920,1080,127.33567457123111,0.0,1000.0,0.0,0.0,Intel Core i7,Nvidia,Windows,1018.0
Lenovo,Notebook,15.6,8,2.05,0,0,1920,1080,141.21199808219862,256.0,0.0,0.0,0.0,Intel Core i7,Intel,Windows,880.0
Apple,Ultrabook,13.3,8,1.37,0,1,2560,1600,226.98300468106115,512.0,0.0,0.0,0.0,Intel Core i5,Intel,Mac,1958.9
Asus,Gaming,17.3,16,3.2,0,0,1920,1080,127.33567457123111,256.0,1000.0,0.0,0.0,Otro,AMD,Windows,1549.0
Dell,Notebook,15.6,8,2.14,0,0,1920,1080,141.21199808219862,256.0,0.0,0.0,0.0,Intel Core i7,AMD,Linux,735.07
Lenovo,2 in 1 Convertible,14.0,16,1.36,1,0,2560,1440,209.8006828649808,512.0,0.0,0.0,0.0,Intel Core i7,Intel,Windows,2499.0
Toshiba,Notebook,15.6,8,2.2,0,0,1366,768,100.45466986113651,0.0,500.0,0.0,0.0,Intel Core i7,Nvidia,Windows,812.0
Dell,Notebook,15.6,12,2.3,0,0,1366,768,100.45466986113651,0.0,1000.0,0.0,0.0,Intel Core i7,Intel,Windows,713.07
Dell,Notebook,17.3,8,2.8,0,0,1920,1080,127.33567457123111,128.0,1000.0,0.0,0.0,Intel Core i7,AMD,Linux,1099.0
Acer,Notebook,15.6,8,2.2,0,1,1920,1080,141.21199808219862,0.0,1000.0,0.0,0.0,Intel Core i7,Nvidia,Windows,745.0
Lenovo,Notebook,17.3,4,2.8,0,0,1600,900,106.11306214269258,0.0,1000.0,0.0,0.0,Intel Core i3,Intel,Windows,489.0
Lenovo,Notebook,17.3,8,2.8,0,0,1920,1080,127.33567457123111,0.0,2000.0,0.0,0.0,Intel Core i7,Nvidia,Otro,849.0
Lenovo,Notebook,17.3,6,2.8,0,0,1600,900,106.11306214269258,128.0,1000.0,0.0,0.0,Intel Core i7,Nvidia,Windows,859.0
Dell,Notebook,15.6,4,2.25,0,0,1920,1080,141.21199808219862,0.0,1000.0,0.0,0.0,Intel Core i3,AMD,Linux,428.0
Lenovo,Gaming,15.6,8,2.5,0,1,1920,1080,141.21199808219862,256.0,0.0,0.0,0.0,Intel Core i5,Nvidia,Windows,829.0
Lenovo,Notebook,15.6,6,2.2,0,0,1920,1080,141.21199808219862,256.0,0.0,0.0,0.0,Intel Core i5,Intel,Windows,579.0
Acer,Notebook,15.6,8,3.0,0,1,1920,1080,141.21199808219862,256.0,0.0,0.0,0.0,Intel Core i7,Nvidia,Windows,951.0
Acer,Notebook,15.6,12,2.15,1,1,1920,1080,141.21199808219862,0.0,1000.0,0.0,0.0,Intel Core i7,Intel,Windows,659.0
Lenovo,Notebook,15.6,8,1.95,0,1,1920,1080,141.21199808219862,256.0,0.0,0.0,0.0,Intel Core i7,Intel,Windows,1097.0
Asus,Ultrabook,15.6,8,1.7,0,0,1920,1080,141.21199808219862,256.0,0.0,0.0,0.0,Intel Core i5,Nvidia,Windows,977.0
Lenovo,Gaming,15.6,16,2.5,0,1,1920,1080,141.21199808219862,256.0,1000.0,0.0,0.0,Intel Core i7,Nvidia,Windows,1179.0
Lenovo,Notebook,15.6,8,2.2,0,0,1920,1080,141.21199808219862,0.0,1000.0,0.0,0.0,Intel Core i7,Nvidia,Otro,659.01
Acer,Notebook,15.6,2,2.19,0,0,1366,768,100.45466986113651,16.0,0.0,0.0,0.0,Intel Celeron Dual,Intel,Otro,199.0
Asus,Gaming,17.3,8,3.0,0,0,1920,1080,127.33567457123111,0.0,1000.0,0.0,0.0,Intel Core i7,Nvidia,Windows,1187.0
HP,Notebook,17.3,8,2.54,0,0,1600,900,106.11306214269258,0.0,1000.0,0.0,0.0,Intel Core i3,Intel,Windows,489.0
Dell,Notebook,15.6,8,2.0,0,0,1920,1080,141.21199808219862,256.0,0.0,0.0,0.0,Intel Core i7,Nvidia,Windows,1829.0
Lenovo,Notebook,15.6,8,2.05,0,0,1920,1080,141.21199808219862,256.0,0.0,0.0,0.0,Intel Core i5,Intel,Windows,739.0
Lenovo,Gaming,15.6,8,3.2,0,1,1920,1080,141.21199808219862,0.0,1000.0,0.0,0.0,Intel Core i7,Nvidia,Windows,1299.0
Acer,Notebook,15.6,8,2.5,0,0,1920,1080,141.21199808219862,256.0,0.0,0.0,0.0,Intel Core i7,Nvidia,Linux,979.0
Dell,Workstation,17.3,16,3.42,0,0,1920,1080,127.33567457123111,256.0,0.0,0.0,0.0,Intel Core i7,Nvidia,Windows,2884.86
Lenovo,Notebook,15.6,6,2.4,0,0,1920,1080,141.21199808219862,0.0,1000.0,0.0,0.0,Otro,AMD,Windows,499.0
Asus,Ultrabook,15.6,16,1.63,0,0,1920,1080,141.21199808219862,512.0,0.0,0.0,0.0,Intel Core i7,Nvidia,Windows,1468.0
Asus,Notebook,14.0,4,1.3,0,0,1366,768,111.93520355955211,128.0,0.0,0.0,0.0,Intel Core i3,Intel,Windows,509.0
Asus,Gaming,17.3,16,2.9,0,0,1920,1080,127.33567457123111,256.0,1000.0,0.0,0.0,Intel Core i7,Nvidia,Windows,2122.0
Lenovo,Notebook,17.3,6,2.8,0,0,1600,900,106.11306214269258,0.0,1000.0,0.0,0.0,Intel Core i5,Nvidia,Windows,649.0
Lenovo,Notebook,15.6,8,2.2,0,0,1366,768,100.45466986113651,0.0,2000.0,0.0,0.0,Intel Core i5,Nvidia,Otro,549.0
Asus,Gaming,15.6,8,2.5,0,0,1920,1080,141.21199808219862,128.0,1000.0,0.0,0.0,Intel Core i7,Nvidia,Windows,1265.0
Lenovo,Notebook,15.6,4,2.2,0,0,1366,768,100.45466986113651,0.0,1000.0,0.0,0.0,Intel Pentium Quad,Intel,Otro,359.99
HP,2 in 1 Convertible,13.3,16,1.28,1,0,1920,1080,165.6321180513006,256.0,0.0,0.0,0.0,Intel Core i7,Intel,Windows,1975.0
Toshiba,Notebook,15.6,8,2.2,0,1,1920,1080,141.21199808219862,256.0,0.0,0.0,0.0,Intel Core i7,Nvidia,Windows,1043.0
Lenovo,Notebook,15.6,8,2.3,0,0,1920,1080,141.21199808219862,128.0,1000.0,0.0,0.0,Intel Core i5,Nvidia,Windows,819.0
HP,Notebook,15.6,4,1.86,0,0,1920,1080,141.21199808219862,0.0,1000.0,0.0,0.0,Intel Core i3,Intel,Windows,469.0
Lenovo,Notebook,13.3,8,1.1,0,1,1920,1080,165.6321180513006,256.0,0.0,0.0,0.0,Intel Core i5,Intel,Windows,999.0
Dell,Ultrabook,13.3,16,1.21,1,1,3840,2160,331.2642361026012,1000.0,0.0,0.0,0.0,Intel Core i7,Intel,Windows,2499.0
MSI,Gaming,15.6,16,2.8,0,1,1920,1080,141.21199808219862,256.0,1000.0,0.0,0.0,Intel Core i7,Nvidia,Windows,2099.0
Acer,Notebook,15.6,8,2.23,0,0,1920,1080,141.21199808219862,256.0,0.0,0.0,0.0,Otro,AMD,Windows,469.0
Asus,2 in 1 Convertible,11.6,2,1.1,1,0,1366,768,135.0942111925629,0.0,0.0,32.0,0.0,Intel Celeron Dual,Intel,Windows,275.0
Dell,Notebook,15.6,8,2.33,0,0,1920,1080,141.21199808219862,128.0,1000.0,0.0,0.0,Intel Core i5,AMD,Windows,844.0
HP,2 in 1 Convertible,13.3,16,1.29,1,1,3840,2160,331.2642361026012,1000.0,0.0,0.0,0.0,Intel Core i7,Intel,Windows,2449.0
Lenovo,Notebook,13.3,4,1.45,0,0,1366,768,117.82653006268643,0.0,0.0,16.0,0.0,Intel Celeron Dual,Intel,Otro,459.9
HP,Notebook,14.0,8,1.95,0,0,1920,1080,157.3505121487356,256.0,0.0,0.0,0.0,Intel Core i5,Intel,Windows,980.0
Acer,Notebook,11.6,4,1.4,0,0,1366,768,135.0942111925629,0.0,0.0,128.0,0.0,Intel Pentium Quad,Intel,Windows,485.0
HP,Notebook,14.0,8,1.48,0,0,1920,1080,157.3505121487356,256.0,0.0,0.0,0.0,Intel Core i7,Intel,Windows,1292.0
Lenovo,Notebook,17.3,4,2.79,0,0,1600,900,106.11306214269258,0.0,1000.0,0.0,0.0,Intel Core i5,Nvidia,Windows,589.0
Asus,Notebook,14.0,8,2.0,0,0,1920,1080,157.3505121487356,256.0,0.0,0.0,0.0,Intel Core i7,Intel,Windows,1094.0
HP,Notebook,15.6,8,2.1,0,1,1366,768,100.45466986113651,0.0,1000.0,0.0,0.0,Intel Core i7,Intel,Windows,902.0
Acer,Notebook,15.6,8,2.2,0,0,1366,768,100.45466986113651,256.0,0.0,0.0,0.0,Otro,AMD,Windows,659.0
Lenovo,Notebook,14.0,4,1.44,0,0,1366,768,111.93520355955211,0.0,0.0,32.0,0.0,Intel Celeron Dual,Intel,Windows,292.0
Acer,Notebook,15.6,6,2.23,0,0,1366,768,100.45466986113651,0.0,1000.0,0.0,0.0,Intel Core i5,Intel,Windows,549.0
Asus,Ultrabook,15.6,8,1.7,0,0,1920,1080,141.21199808219862,256.0,0.0,0.0,0.0,Intel Core i7,Nvidia,Windows,1049.9
HP,Ultrabook,12.5,8,1.26,0,0,1920,1080,176.23257360658386,256.0,0.0,0.0,0.0,Intel Core i7,Intel,Windows,1335.0
Dell,Notebook,15.6,32,2.06,1,0,3840,2160,282.42399616439724,1000.0,0.0,0.0,0.0,Intel Core i7,Nvidia,Windows,2639.0
MSI,Gaming,17.3,8,2.7,0,0,1920,1080,127.33567457123111,256.0,1000.0,0.0,0.0,Intel Core i7,Nvidia,Windows,1199.0
Toshiba,Notebook,15.6,8,2.0,0,1,1920,1080,141.21199808219862,256.0,0.0,0.0,0.0,Intel Core i5,Intel,Windows,943.0
Asus,Notebook,14.0,8,2.0,0,0,1920,1080,157.3505121487356,256.0,1000.0,0.0,0.0,Intel Core i7,Intel,Windows,1334.0
Lenovo,Notebook,15.6,4,1.85,0,0,1920,1080,141.21199808219862,0.0,1000.0,0.0,0.0,Intel Core i3,Intel,Windows,449.0
Asus,Gaming,15.6,8,2.5,0,0,1920,1080,141.21199808219862,256.0,0.0,0.0,0.0,Intel Core i7,Nvidia,Windows,999.0
HP,Notebook,14.0,8,1.48,0,0,1920,1080,157.3505121487356,256.0,0.0,0.0,0.0,Intel Core i5,Intel,Windows,1268.0
Dell,Ultrabook,15.6,8,1.9,0,1,1920,1080,141.21199808219862,128.0,1000.0,0.0,0.0,Intel Core i5,Nvidia,Windows,1049.0
HP,Notebook,15.6,8,1.84,0,0,1920,1080,141.21199808219862,256.0,0.0,0.0,0.0,Intel Core i5,Intel,Windows,1144.0
Asus,Notebook,15.6,4,2.0,0,0,1366,768,100.45466986113651,0.0,1000.0,0.0,0.0,Intel Celeron Dual,Intel,Linux,274.99
Dell,Notebook,15.6,8,2.0,0,0,1920,1080,141.21199808219862,256.0,0.0,0.0,0.0,Intel Core i5,Nvidia,Windows,1142.75
Dell,Notebook,15.6,4,2.2,0,0,1366,768,100.45466986113651,0.0,500.0,0.0,0.0,Intel Celeron Dual,Intel,Linux,274.9
Lenovo,Notebook,15.6,12,2.2,0,0,1920,1080,141.21199808219862,0.0,2000.0,0.0,0.0,Otro,AMD,Windows,899.0
HP,Notebook,15.6,8,2.1,0,1,1920,1080,141.21199808219862,0.0,1000.0,0.0,0.0,Intel Core i3,Nvidia,Windows,716.0
Lenovo,2 in 1 Convertible,13.9,16,1.4,1,1,3840,2160,316.96506044349616,512.0,0.0,0.0,0.0,Intel Core i7,Intel,Windows,2099.0
Dell,Ultrabook,13.3,8,1.2,0,0,1920,1080,165.6321180513006,256.0,0.0,0.0,0.0,Intel Core i7,Intel,Windows,1579.0
Lenovo,Gaming,15.6,16,2.4,0,1,1920,1080,141.21199808219862,256.0,2000.0,0.0,0.0,Intel Core i7,Nvidia,Windows,1129.0
HP,Notebook,14.0,2,1.44,0,0,1366,768,111.93520355955211,0.0,0.0,32.0,0.0,Intel Celeron Dual,Intel,Windows,279.0
Dell,Ultrabook,15.6,16,1.88,0,0,1920,1080,141.21199808219862,768.0,0.0,0.0,0.0,Intel Core i7,Intel,Windows,1607.96
Asus,2 in 1 Convertible,11.6,4,1.5,1,0,1366,768,135.0942111925629,0.0,0.0,32.0,0.0,Intel Celeron Dual,Intel,Windows,375.0
Dell,Ultrabook,15.6,8,1.9,0,0,1920,1080,141.21199808219862,0.0,1000.0,0.0,0.0,Intel Core i5,AMD,Windows,663.0
Dell,Notebook,15.6,16,2.06,1,0,3840,2160,282.42399616439724,512.0,0.0,0.0,0.0,Intel Core i7,Nvidia,Windows,2027.42
HP,Notebook,15.6,8,1.84,0,0,1920,1080,141.21199808219862,256.0,0.0,0.0,0.0,Intel Core i7,Intel,Windows,1304.0
MSI,Gaming,17.3,8,2.7,0,0,1920,1080,127.33567457123111,128.0,1000.0,0.0,0.0,Intel Core i7,Nvidia,Windows,1409.0
HP,Workstation,15.6,8,2.6,0,0,1920,1080,141.21199808219862,256.0,0.0,0.0,0.0,Intel Core i7,Nvidia,Windows,1738.27
Toshiba,Notebook,15.6,16,2.4,0,1,1920,1080,141.21199808219862,512.0,0.0,0.0,0.0,Intel Core i7,Nvidia,Windows,1403.0
Dell,Notebook,15.6,8,2.02,0,0,1920,1080,141.21199808219862,128.0,2000.0,0.0,0.0,Intel Core i7,AMD,Windows,970.9
Lenovo,Notebook,15.6,4,2.2,0,0,1366,768,100.45466986113651,0.0,1000.0,0.0,0.0,Intel Celeron Dual,Intel,Otro,321.99
Dell,Gaming,15.6,8,2.65,0,0,1920,1080,141.21199808219862,0.0,1000.0,0.0,0.0,Intel Core i5,Nvidia,Windows,999.0
Dell,Notebook,15.6,8,2.36,1,0,1366,768,100.45466986113651,0.0,2000.0,0.0,0.0,Intel Core i5,Intel,Windows,557.37
Dell,Notebook,14.0,8,1.36,0,0,1920,1080,157.3505121487356,256.0,0.0,0.0,0.0,Intel Core i5,Intel,Windows,1427.0
HP,Notebook,15.6,4,1.86,0,0,1366,768,100.45466986113651,0.0,500.0,0.0,0.0,Intel Core i3,Intel,Windows,439.0
Asus,Notebook,14.0,8,2.0,0,0,1920,1080,157.3505121487356,256.0,0.0,0.0,0.0,Intel Core i5,Intel,Windows,945.0
Lenovo,Notebook,17.3,6,2.8,0,0,1600,900,106.11306214269258,128.0,1000.0,0.0,0.0,Intel Core i5,Nvidia,Windows,719.0
HP,Notebook,15.6,8,1.86,0,0,1920,1080,141.21199808219862,0.0,1000.0,0.0,0.0,Intel Core i5,Intel,Windows,639.0
Lenovo,Notebook,15.6,8,2.2,0,0,1366,768,100.45466986113651,256.0,0.0,0.0,0.0,Intel Core i3,Nvidia,Otro,499.0
HP,Notebook,15.6,8,2.04,0,0,1366,768,100.45466986113651,0.0,2000.0,0.0,0.0,Intel Pentium Quad,Intel,Windows,389.0
Dell,Notebook,17.3,8,2.8,0,0,1920,1080,127.33567457123111,128.0,1000.0,0.0,0.0,Intel Core i5,AMD,Windows,1085.0
Lenovo,Gaming,15.6,8,2.4,0,1,1920,1080,141.21199808219862,128.0,1000.0,0.0,0.0,Intel Core i5,Nvidia,Otro,809.0
Dell,Notebook,15.6,8,2.33,0,0,1920,1080,141.21199808219862,256.0,0.0,0.0,0.0,Intel Core i7,AMD,Windows,899.0
HP,Ultrabook,14.0,8,1.36,0,1,1920,1080,157.3505121487356,256.0,0.0,0.0,0.0,Intel Core i7,Intel,Windows,1750.0
Asus,2 in 1 Convertible,15.6,12,2.26,1,0,1920,1080,141.21199808219862,512.0,2000.0,0.0,0.0,Intel Core i7,Nvidia,Windows,1099.0
Acer,Notebook,15.6,4,2.1,0,0,1366,768,100.45466986113651,128.0,0.0,0.0,0.0,AMD A9-Series 9420,AMD,Windows,426.0
Asus,Gaming,17.3,16,3.25,0,1,1920,1080,127.33567457123111,256.0,1000.0,0.0,0.0,Otro,AMD,Windows,2199.0
Lenovo,Notebook,17.3,4,2.6,0,0,1600,900,106.11306214269258,128.0,0.0,0.0,0.0,Otro,AMD,Windows,489.0
Dell,2 in 1 Convertible,13.3,8,1.62,1,0,1920,1080,165.6321180513006,256.0,0.0,0.0,0.0,Intel Core i7,Intel,Windows,869.01
HP,Notebook,15.6,4,1.91,0,0,1920,1080,141.21199808219862,256.0,0.0,0.0,0.0,AMD A9-Series 9420,AMD,Windows,488.99
Lenovo,Netbook,11.6,4,1.59,0,1,1366,768,135.0942111925629,128.0,0.0,0.0,0.0,Otro,Intel,Windows,553.0
Dell,Notebook,15.6,4,1.8,0,0,1366,768,100.45466986113651,0.0,500.0,0.0,0.0,Intel Celeron Dual,Intel,Windows,309.0
Asus,Notebook,14.0,4,1.5,0,0,1366,768,111.93520355955211,0.0,0.0,32.0,0.0,Intel Celeron Dual,Intel,Windows,286.0
Acer,Notebook,15.6,8,2.4,0,0,1920,1080,141.21199808219862,0.0,1000.0,0.0,0.0,Intel Core i7,Nvidia,Linux,846.0
HP,Gaming,17.3,8,3.35,0,1,1920,1080,127.33567457123111,128.0,1000.0,0.0,0.0,Intel Core i7,Nvidia,Windows,1191.0
Lenovo,Notebook,15.6,4,1.85,0,0,1920,1080,141.21199808219862,128.0,0.0,0.0,0.0,Intel Core i3,Intel,Otro,403.5
Asus,Gaming,15.6,8,2.3,0,1,1920,1080,141.21199808219862,128.0,1000.0,0.0,0.0,Intel Core i7,Nvidia,Windows,1655.0
Lenovo,Notebook,14.0,8,1.5,0,1,1920,1080,157.3505121487356,256.0,0.0,0.0,0.0,Intel Core i5,Nvidia,Windows,1099.0
Asus,Ultrabook,13.3,16,1.1,1,0,1920,1080,165.6321180513006,512.0,0.0,0.0,0.0,Intel Core i7,Intel,Windows,1748.9
Lenovo,Ultrabook,14.0,8,1.13,0,1,2560,1440,209.8006828649808,512.0,0.0,0.0,0.0,Intel Core i7,Intel,Windows,2282.0
Lenovo,Notebook,13.3,4,1.5,0,1,1920,1080,165.6321180513006,128.0,0.0,0.0,0.0,Intel Core i3,Intel,Windows,549.0
Dell,Workstation,15.6,8,2.23,0,0,1920,1080,141.21199808219862,0.0,500.0,0.0,0.0,Intel Core i5,AMD,Windows,1369.0
Dell,Workstation,15.6,8,2.0,0,1,1920,1080,141.21199808219862,256.0,0.0,0.0,0.0,Intel Core i7,Nvidia,Windows,2135.0
Lenovo,2 in 1 Convertible,14.0,16,1.42,1,0,2560,1440,209.8006828649808,512.0,0.0,0.0,0.0,Intel Core i7,Intel,Windows,2509.0
Asus,Gaming,17.3,8,3.0,0,0,1920,1080,127.33567457123111,0.0,1000.0,0.0,0.0,Intel Core i7,Nvidia,Windows,1039.0
Asus,Gaming,17.3,16,3.0,0,0,1920,1080,127.33567457123111,256.0,1000.0,0.0,0.0,Intel Core i7,Nvidia,Windows,1591.0
Acer,Notebook,15.6,12,2.2,0,1,1366,768,100.45466986113651,0.0,1000.0,0.0,0.0,Intel Core i5,Nvidia,Windows,693.99
MSI,Gaming,17.3,8,2.7,0,0,1920,1080,127.33567457123111,256.0,0.0,0.0,0.0,Intel Core i7,Nvidia,Windows,1349.0
Dell,Notebook,15.6,8,2.33,0,0,1920,1080,141.21199808219862,256.0,0.0,0.0,0.0,Intel Core i7,AMD,Linux,778.87
HP,Ultrabook,15.6,4,1.91,0,0,1920,1080,141.21199808219862,256.0,0.0,0.0,0.0,AMD A9-Series 9420,AMD,Windows,499.0
Lenovo,Notebook,15.6,8,2.1,0,1,1920,1080,141.21199808219862,256.0,0.0,0.0,0.0,Intel Core i7,AMD,Windows,1229.56
Lenovo,Notebook,14.0,8,1.9,0,1,1920,1080,157.3505121487356,256.0,0.0,0.0,0.0,Intel Core i5,Intel,Windows,938.0
Dell,Workstation,15.6,8,1.78,1,0,3840,2160,282.42399616439724,256.0,0.0,0.0,0.0,Intel Core i7,Nvidia,Windows,2712.0
Lenovo,Ultrabook,14.0,16,1.13,0,1,2560,1440,209.8006828649808,1000.0,0.0,0.0,0.0,Intel Core i7,Intel,Windows,2625.0
Lenovo,Notebook,15.6,4,2.2,0,0,1366,768,100.45466986113651,0.0,1000.0,0.0,0.0,Intel Celeron Dual,Intel,Windows,306.0
Asus,Gaming,17.3,16,2.9,0,0,1920,1080,127.33567457123111,256.0,1000.0,0.0,0.0,Intel Core i7,Nvidia,Windows,1529.0
Lenovo,Notebook,15.6,8,2.1,0,1,1920,1080,141.21199808219862,256.0,1000.0,0.0,0.0,Intel Core i5,AMD,Windows,1144.5
Acer,Notebook,15.6,8,2.5,0,0,1920,1080,141.21199808219862,256.0,0.0,0.0,0.0,Intel Core i7,Nvidia,Linux,879.0
MSI,Gaming,17.3,16,2.8,0,0,1920,1080,127.33567457123111,256.0,1000.0,0.0,0.0,Intel Core i7,Nvidia,Windows,2249.0
Asus,Ultrabook,14.0,8,1.1,0,0,1920,1080,157.3505121487356,512.0,0.0,0.0,0.0,Intel Core i7,Intel,Windows,1873.0
Toshiba,Ultrabook,13.3,16,1.2,0,0,1920,1080,165.6321180513006,512.0,0.0,0.0,0.0,Intel Core i7,Intel,Windows,1747.0
Dell,Ultrabook,14.0,8,1.36,0,0,1920,1080,157.3505121487356,512.0,0.0,0.0,0.0,Intel Core i7,Intel,Windows,1680.0
Lenovo,Notebook,15.6,4,2.2,0,0,1920,1080,141.21199808219862,0.0,500.0,0.0,0.0,Intel Core i3,Intel,Windows,409.0
Lenovo,Notebook,11.6,2,1.15,0,0,1366,768,135.0942111925629,0.0,0.0,32.0,0.0,Intel Celeron Dual,Intel,Windows,304.45
Lenovo,Workstation,15.6,8,2.67,0,0,1920,1080,141.21199808219862,512.0,0.0,0.0,0.0,Intel Core i7,Nvidia,Windows,1925.0
Lenovo,Ultrabook,14.0,8,1.7,0,1,2560,1440,209.8006828649808,512.0,0.0,0.0,0.0,Intel Core i7,Nvidia,Windows,1943.0
HP,Notebook,15.6,4,2.1,0,0,1920,1080,141.21199808219862,0.0,1000.0,0.0,0.0,Intel Core i3,AMD,Windows,469.0
Acer,2 in 1 Convertible,13.3,8,1.6,1,1,1920,1080,165.6321180513006,256.0,0.0,0.0,0.0,Intel Core i7,Intel,Windows,789.01
Asus,2 in 1 Convertible,13.3,8,1.27,1,1,1920,1080,165.6321180513006,256.0,0.0,0.0,0.0,Intel Core i5,Intel,Windows,928.0
Dell,Notebook,15.6,4,2.3,0,0,1920,1080,141.21199808219862,256.0,0.0,0.0,0.0,Intel Core i5,AMD,Linux,598.9
Dell,Notebook,13.3,4,1.65,0,0,1366,768,117.82653006268643,128.0,0.0,0.0,0.0,Intel Core i3,Intel,Windows,689.0
HP,Ultrabook,14.0,8,1.43,0,0,1920,1080,157.3505121487356,256.0,0.0,0.0,0.0,Intel Core i7,Intel,Windows,1500.0
Dell,Notebook,15.6,8,2.14,0,0,1366,768,100.45466986113651,0.0,1000.0,0.0,0.0,Intel Core i5,Intel,Windows,539.95
Lenovo,Ultrabook,14.0,8,1.75,0,1,1920,1080,157.3505121487356,256.0,0.0,0.0,0.0,Intel Core i7,AMD,Windows,1215.38
Lenovo,2 in 1 Convertible,15.6,16,2.0,1,1,3840,2160,282.42399616439724,512.0,0.0,0.0,0.0,Intel Core i7,Nvidia,Windows,1899.0
Chuwi,Notebook,12.3,6,1.4,0,1,2736,1824,267.3384360344031,0.0,0.0,64.0,0.0,Otro,Intel,Windows,449.0
HP,Notebook,15.6,8,2.31,0,0,1920,1080,141.21199808219862,256.0,0.0,0.0,0.0,Intel Core i7,Intel,Windows,1427.0
Asus,Notebook,15.6,8,2.3,0,0,1920,1080,141.21199808219862,0.0,1000.0,0.0,0.0,Intel Core i3,Nvidia,Linux,597.0
Dell,Gaming,17.3,16,4.42,0,1,2560,1440,169.78089942830815,256.0,1000.0,0.0,0.0,Intel Core i7,Nvidia,Windows,2799.0
Dell,Gaming,15.6,8,2.62,0,1,1920,1080,141.21199808219862,128.0,1000.0,0.0,0.0,Intel Core i7,Nvidia,Windows,1159.0
Dell,Notebook,15.6,8,2.02,0,0,1920,1080,141.21199808219862,256.0,2000.0,0.0,0.0,Intel Core i7,AMD,Windows,1142.4
Dell,Ultrabook,14.0,8,1.6,0,0,1920,1080,157.3505121487356,256.0,0.0,0.0,0.0,Intel Core i7,Intel,Linux,1099.0
HP,Gaming,17.3,12,3.35,0,0,1920,1080,127.33567457123111,256.0,1000.0,0.0,0.0,Intel Core i7,Nvidia,Windows,1999.0
Mediacom,2 in 1 Convertible,11.6,4,1.16,1,1,1920,1080,189.90579052433606,32.0,0.0,0.0,0.0,Intel Celeron Dual,Intel,Windows,299.0
Samsung,Netbook,11.6,4,1.15,0,0,1366,768,135.0942111925629,0.0,0.0,16.0,0.0,Intel Celeron Dual,Intel,Otro,269.0
Lenovo,Notebook,13.3,8,1.4,0,1,1920,1080,165.6321180513006,256.0,0.0,0.0,0.0,Intel Core i7,Intel,Windows,1010.0
Lenovo,Notebook,14.0,4,1.7,0,1,1920,1080,157.3505121487356,128.0,0.0,0.0,0.0,Intel Core i3,Intel,Windows,599.0
Lenovo,Workstation,15.6,16,2.3,0,1,3840,2160,282.42399616439724,512.0,0.0,0.0,0.0,Intel Core i7,Nvidia,Windows,2445.0
Lenovo,Notebook,15.6,16,2.5,0,0,1920,1080,141.21199808219862,512.0,0.0,0.0,0.0,Intel Core i7,Nvidia,Windows,2449.0
Asus,Gaming,17.3,8,3.2,0,0,1920,1080,127.33567457123111,256.0,1000.0,0.0,0.0,Otro,AMD,Windows,1695.0
HP,Notebook,15.6,4,2.1,0,0,1366,768,100.45466986113651,0.0,500.0,0.0,0.0,Intel Celeron Dual,Intel,Windows,347.0
Google,Ultrabook,12.3,16,1.1,1,0,2400,1600,234.50740003017813,512.0,0.0,0.0,0.0,Intel Core i7,Intel,Otro,2199.0
Lenovo,Ultrabook,14.0,24,1.32,0,0,2560,1440,209.8006828649808,512.0,0.0,0.0,0.0,Intel Core i7,Intel,Windows,2382.0
Asus,Notebook,15.6,4,2.0,0,0,1920,1080,141.21199808219862,256.0,0.0,0.0,0.0,Intel Core i5,Intel,Linux,559.0
Lenovo,Notebook,17.3,8,2.8,0,0,1600,900,106.11306214269258,0.0,1000.0,0.0,0.0,Otro,AMD,Windows,519.0
Dell,Notebook,15.6,4,2.2,0,0,1920,1080,141.21199808219862,256.0,0.0,0.0,0.0,Intel Core i5,AMD,Windows,749.0
Lenovo,Ultrabook,12.5,8,1.36,0,1,1920,1080,176.23257360658386,256.0,0.0,0.0,0.0,Intel Core i5,Intel,Windows,1429.0
Lenovo,Notebook,15.6,4,2.2,0,0,1920,1080,141.21199808219862,128.0,0.0,0.0,0.0,Intel Pentium Quad,Intel,Windows,349.0
HP,Gaming,15.6,8,2.2,0,1,1920,1080,141.21199808219862,128.0,1000.0,0.0,0.0,Intel Core i7,Nvidia,Windows,1099.0
Dell,Notebook,14.0,8,1.64,0,0,1920,1080,157.3505121487356,256.0,0.0,0.0,0.0,Intel Core i5,Nvidia,Windows,1179.0
Acer,Notebook,15.6,4,2.4,0,0,1366,768,100.45466986113651,0.0,500.0,0.0,0.0,Intel Core i5,Intel,Linux,441.8
Dell,Workstation,15.6,8,2.23,0,0,1920,1080,141.21199808219862,0.0,1000.0,64.0,0.0,Otro,Nvidia,Windows,1993.0
MSI,Gaming,15.6,8,2.2,0,0,1920,1080,141.21199808219862,256.0,0.0,0.0,0.0,Intel Core i5,Nvidia,Windows,1027.74
Microsoft,Ultrabook,13.5,16,1.25,1,0,2256,1504,200.84255993695703,512.0,0.0,0.0,0.0,Intel Core i7,Intel,Windows,2589.0
HP,Notebook,15.6,8,1.91,0,0,1366,768,100.45466986113651,128.0,0.0,0.0,0.0,Intel Core i5,Intel,Windows,589.0
Dell,Workstation,15.6,16,2.17,0,1,1920,1080,141.21199808219862,256.0,0.0,0.0,0.0,Intel Core i7,Nvidia,Windows,1975.0
HP,Workstation,15.6,8,2.31,0,1,1920,1080,141.21199808219862,512.0,0.0,0.0,0.0,Intel Core i7,Intel,Windows,1534.0
Lenovo,Notebook,14.0,8,1.65,0,0,1920,1080,157.3505121487356,256.0,0.0,0.0,0.0,Intel Core i5,Intel,Windows,1345.0
Dell,Notebook,15.6,8,2.36,0,0,1920,1080,141.21199808219862,128.0,1000.0,0.0,0.0,Intel Core i7,AMD,Windows,979.0
Dell,2 in 1 Convertible,11.6,4,1.47,1,0,1366,768,135.0942111925629,0.0,500.0,0.0,0.0,Intel Pentium Quad,Intel,Windows,479.0
Dell,Notebook,17.3,8,4.42,0,1,1920,1080,127.33567457123111,0.0,1000.0,0.0,0.0,Intel Core i7,Nvidia,Windows,2046.0
Microsoft,Ultrabook,13.5,4,1.252,1,0,2256,1504,200.84255993695703,128.0,0.0,0.0,0.0,Intel Core M,Intel,Windows,989.0
Microsoft,Ultrabook,13.5,8,1.25,1,0,2256,1504,200.84255993695703,256.0,0.0,0.0,0.0,Intel Core i7,Intel,Windows,1799.0
HP,Notebook,17.3,8,2.5,0,0,1600,900,106.11306214269258,256.0,0.0,0.0,0.0,Intel Core i3,Intel,Windows,639.9
Acer,Notebook,15.6,4,2.23,0,0,1920,1080,141.21199808219862,0.0,1000.0,0.0,0.0,Intel Core i3,Nvidia,Windows,544.0
Acer,Netbook,11.6,4,1.4,0,0,1366,768,135.0942111925629,128.0,0.0,0.0,0.0,Intel Celeron Dual,Intel,Windows,435.0
Asus,Notebook,15.6,8,2.37,0,0,1920,1080,141.21199808219862,0.0,1000.0,0.0,0.0,Intel Core i5,Intel,Windows,749.0
Lenovo,Notebook,14.0,8,1.5,0,1,1920,1080,157.3505121487356,512.0,0.0,0.0,0.0,Intel Core i7,AMD,Otro,799.0
Lenovo,Notebook,15.6,8,2.67,0,0,1920,1080,141.21199808219862,256.0,0.0,0.0,0.0,Intel Core i7,Nvidia,Windows,2090.0
Asus,Notebook,15.6,4,2.0,0,0,1366,768,100.45466986113651,0.0,500.0,0.0,0.0,Intel Pentium Quad,Intel,Windows,304.0
Acer,Notebook,15.6,4,2.2,0,0,1366,768,100.45466986113651,0.0,500.0,0.0,0.0,Intel Core i3,Nvidia,Windows,469.0
Dell,Notebook,15.6,8,2.02,0,0,1920,1080,141.21199808219862,0.0,2000.0,0.0,0.0,Intel Core i5,AMD,Windows,759.0
HP,Gaming,17.3,12,3.78,0,1,1920,1080,127.33567457123111,0.0,1000.0,0.0,0.0,Intel Core i7,Nvidia,Windows,1699.0
Lenovo,Ultrabook,14.0,12,1.4,0,1,2560,1440,209.8006828649808,256.0,0.0,0.0,0.0,Intel Core i7,Intel,Windows,1858.0
HP,2 in 1 Convertible,13.3,8,1.29,1,1,3840,2160,331.2642361026012,512.0,0.0,0.0,0.0,Intel Core i7,Intel,Windows,1999.0
HP,Notebook,15.6,8,1.9,0,0,1920,1080,141.21199808219862,0.0,500.0,0.0,0.0,Intel Core i5,AMD,Windows,1154.0
Google,Ultrabook,12.3,8,1.1,1,0,2400,1600,234.50740003017813,128.0,0.0,0.0,0.0,Intel Core i5,Intel,Otro,1275.0
Dell,Ultrabook,13.3,8,1.42,1,0,1920,1080,165.6321180513006,256.0,0.0,0.0,0.0,Intel Core i5,Intel,Windows,1841.85
Asus,Notebook,15.6,12,2.06,0,1,3840,2160,282.42399616439724,128.0,1000.0,0.0,0.0,Intel Core i7,Intel,Windows,1299.0
Dell,Notebook,14.0,8,1.79,0,0,1366,768,111.93520355955211,128.0,0.0,0.0,0.0,Intel Core i3,Intel,Windows,740.0
Dell,Workstation,15.6,8,1.78,0,0,1920,1080,141.21199808219862,256.0,0.0,0.0,0.0,Intel Core i7,Nvidia,Windows,2408.0
Lenovo,Notebook,14.0,8,1.7,0,0,1920,1080,157.3505121487356,180.0,0.0,0.0,0.0,Intel Core i5,Intel,Windows,1364.0
Dell,Notebook,15.6,8,2.2,0,0,1920,1080,141.21199808219862,0.0,1000.0,0.0,0.0,Intel Core i5,AMD,Windows,675.0
Toshiba,Notebook,13.3,8,1.05,0,1,1920,1080,165.6321180513006,256.0,0.0,0.0,0.0,Intel Core i5,Intel,Windows,1672.0
Dell,Notebook,15.6,8,2.16,0,1,1920,1080,141.21199808219862,512.0,0.0,0.0,0.0,Intel Core i7,Nvidia,Windows,1262.0
Dell,Notebook,15.6,4,2.18,0,0,1366,768,100.45466986113651,0.0,1000.0,0.0,0.0,Intel Core i3,Intel,Windows,586.6
HP,Notebook,13.3,4,1.49,0,1,1920,1080,165.6321180513006,128.0,0.0,0.0,0.0,Intel Core i5,Intel,Windows,726.0
Chuwi,Notebook,15.6,4,1.89,0,0,1920,1080,141.21199808219862,0.0,0.0,64.0,0.0,Otro,Intel,Windows,248.9
Lenovo,Notebook,15.6,4,2.3,0,0,1366,768,100.45466986113651,128.0,0.0,0.0,0.0,Intel Core i3,Intel,Windows,565.0
Lenovo,Notebook,14.0,8,1.75,0,1,1920,1080,157.3505121487356,256.0,0.0,0.0,0.0,Intel Core i5,Intel,Windows,1049.0
Dell,Workstation,15.6,16,2.17,0,1,1920,1080,141.21199808219862,512.0,0.0,0.0,0.0,Intel Core i7,Nvidia,Windows,2338.0
Dell,Notebook,15.6,16,2.06,0,0,1920,1080,141.21199808219862,512.0,0.0,0.0,0.0,Intel Core i7,Nvidia,Windows,1899.0
Lenovo,Ultrabook,12.5,16,1.36,0,1,1920,1080,176.23257360658386,512.0,0.0,0.0,0.0,Intel Core i7,Intel,Windows,1798.0
Asus,Ultrabook,12.5,16,0.91,0,0,1920,1080,176.23257360658386,512.0,0.0,0.0,0.0,Intel Core i7,Intel,Windows,1950.0
Lenovo,Notebook,15.6,8,2.3,0,1,1920,1080,141.21199808219862,256.0,0.0,0.0,0.0,Intel Core i5,Nvidia,Windows,1011.99
Toshiba,Ultrabook,13.3,32,1.05,1,0,1920,1080,165.6321180513006,512.0,0.0,0.0,0.0,Intel Core i7,Intel,Windows,2799.0
Asus,Gaming,15.6,8,1.99,0,0,1920,1080,141.21199808219862,128.0,1000.0,0.0,0.0,Intel Core i7,Nvidia,Windows,1350.0
Acer,Notebook,15.6,8,2.2,0,0,1366,768,100.45466986113651,0.0,1000.0,0.0,0.0,Otro,AMD,Windows,579.0
Asus,Gaming,17.3,24,4.33,1,1,1920,1080,127.33567457123111,256.0,1000.0,0.0,0.0,Intel Core i7,Nvidia,Windows,1269.0
Lenovo,Ultrabook,12.5,8,1.3,0,1,1366,768,125.36742798669837,180.0,0.0,0.0,0.0,Intel Core i5,Intel,Windows,1099.0
Lenovo,Notebook,15.6,8,2.17,0,0,1920,1080,141.21199808219862,256.0,0.0,0.0,0.0,Intel Core i7,Intel,Windows,898.9
HP,Notebook,14.0,8,1.48,0,0,1920,1080,157.3505121487356,1000.0,0.0,0.0,0.0,Intel Core i7,Intel,Windows,1749.0
Lenovo,Notebook,13.3,8,1.4,0,1,1920,1080,165.6321180513006,256.0,0.0,0.0,0.0,Intel Core i3,Intel,Windows,949.0
Lenovo,Notebook,15.6,8,2.3,0,1,1920,1080,141.21199808219862,256.0,0.0,0.0,0.0,Intel Core i5,Intel,Windows,911.0
Asus,Netbook,11.6,4,1.2,0,0,1366,768,135.0942111925629,0.0,0.0,64.0,0.0,Intel Celeron Dual,Intel,Windows,340.0
HP,Notebook,15.6,8,1.91,0,0,1366,768,100.45466986113651,256.0,0.0,0.0,0.0,Intel Core i5,AMD,Windows,618.99
Lenovo,2 in 1 Convertible,13.9,8,1.4,1,1,1920,1080,158.48253022174808,256.0,0.0,0.0,0.0,Intel Core i5,Intel,Windows,1599.0
Lenovo,Notebook,14.0,4,2.1,0,0,1366,768,111.93520355955211,0.0,500.0,0.0,0.0,Intel Celeron Dual,Intel,Windows,299.0
Lenovo,Netbook,11.6,4,1.25,0,0,1366,768,135.0942111925629,16.0,0.0,0.0,0.0,Intel Celeron Dual,Intel,Otro,265.0
Lenovo,Notebook,13.3,8,1.44,0,0,1920,1080,165.6321180513006,256.0,0.0,0.0,0.0,Intel Core i5,Intel,Windows,949.0
Asus,Notebook,15.6,8,2.0,0,0,1920,1080,141.21199808219862,256.0,1000.0,0.0,0.0,Intel Core i7,Intel,Windows,1224.0
Acer,Notebook,15.6,4,2.2,0,1,1920,1080,141.21199808219862,0.0,1000.0,0.0,0.0,Intel Core i5,Nvidia,Windows,613.0
HP,Ultrabook,13.3,8,1.34,0,1,1920,1080,165.6321180513006,512.0,0.0,0.0,0.0,Intel Core i7,Intel,Windows,1323.0
Lenovo,Gaming,15.6,8,2.4,0,1,1920,1080,141.21199808219862,256.0,1000.0,0.0,0.0,Intel Core i7,Nvidia,Otro,1149.0
Dell,Ultrabook,13.3,8,1.29,1,1,1920,1080,165.6321180513006,128.0,0.0,0.0,0.0,Intel Core i5,Intel,Windows,899.0
Acer,Notebook,15.6,4,2.2,0,0,1920,1080,141.21199808219862,0.0,500.0,0.0,0.0,Intel Core i7,Nvidia,Windows,639.0
Dell,Notebook,15.6,8,2.18,0,0,1920,1080,141.21199808219862,0.0,1000.0,0.0,0.0,Intel Core i5,Intel,Windows,836.0
Dell,Notebook,15.6,16,2.2,0,0,1920,1080,141.21199808219862,256.0,2000.0,0.0,0.0,Intel Core i7,AMD,Windows,1219.24
Xiaomi,Notebook,15.6,16,1.95,0,1,1920,1080,141.21199808219862,256.0,0.0,0.0,0.0,Intel Core i7,Nvidia,Otro,1399.95
Asus,Netbook,11.6,2,1.1,0,0,1366,768,135.0942111925629,0.0,0.0,32.0,0.0,Intel Celeron Dual,Intel,Windows,245.0
HP,Notebook,15.6,4,2.04,1,0,1366,768,100.45466986113651,0.0,1000.0,0.0,0.0,Intel Core i5,Intel,Windows,521.47
Asus,Gaming,15.6,24,2.24,0,0,1920,1080,141.21199808219862,512.0,0.0,0.0,0.0,Intel Core i7,Nvidia,Windows,2968.0
HP,Notebook,15.6,8,2.04,0,0,1920,1080,141.21199808219862,256.0,0.0,0.0,0.0,Intel Core i5,Nvidia,Windows,889.0
Asus,Gaming,17.3,16,3.0,0,0,1920,1080,127.33567457123111,256.0,1000.0,0.0,0.0,Intel Core i7,Nvidia,Windows,1504.0
Lenovo,Gaming,15.6,8,3.2,0,1,1920,1080,141.21199808219862,256.0,1000.0,0.0,0.0,Intel Core i7,Nvidia,Windows,1399.0
HP,Ultrabook,13.3,8,1.32,0,1,1920,1080,165.6321180513006,256.0,0.0,0.0,0.0,Intel Core i7,Intel,Windows,1399.0
Dell,Notebook,14.0,8,1.64,0,0,1920,1080,157.3505121487356,256.0,0.0,0.0,0.0,Intel Core i5,Intel,Windows,1279.73
HP,Notebook,15.6,4,1.63,0,0,1366,768,100.45466986113651,128.0,0.0,0.0,0.0,Intel Core i3,Intel,Windows,689.0
Dell,Notebook,17.3,8,2.8,0,1,1920,1080,127.33567457123111,128.0,1000.0,0.0,0.0,Intel Core i5,AMD,Linux,889.0
Lenovo,Notebook,14.0,8,2.02,0,0,1920,1080,157.3505121487356,256.0,0.0,0.0,0.0,Intel Core i5,Intel,Windows,1340.0
Lenovo,Notebook,15.6,4,2.2,0,0,1920,1080,141.21199808219862,0.0,1000.0,0.0,0.0,Intel Core i7,Nvidia,Windows,799.0
Lenovo,Notebook,15.6,8,2.2,0,0,1366,768,100.45466986113651,0.0,2000.0,0.0,0.0,Intel Core i3,Nvidia,Otro,459.0
Dell,Notebook,15.6,4,2.3,0,0,1920,1080,141.21199808219862,0.0,500.0,0.0,0.0,Intel Core i5,AMD,Windows,585.0
Dell,Notebook,15.6,8,1.9,0,0,1920,1080,141.21199808219862,256.0,0.0,0.0,0.0,Intel Core i5,Intel,Windows,1377.0
Dell,Gaming,17.3,16,4.42,0,1,1920,1080,127.33567457123111,128.0,1000.0,0.0,0.0,Intel Core i7,Nvidia,Windows,3012.77
Toshiba,Notebook,15.6,8,2.0,0,1,1920,1080,141.21199808219862,0.0,500.0,0.0,0.0,Intel Core i5,Intel,Windows,860.0
Asus,Notebook,15.6,8,2.0,0,1,3840,2160,282.42399616439724,256.0,1000.0,0.0,0.0,Intel Core i7,Nvidia,Windows,1299.0
Mediacom,Notebook,13.3,4,1.2,0,1,1920,1080,165.6321180513006,32.0,0.0,0.0,0.0,Otro,Intel,Windows,369.0
Asus,Gaming,15.6,8,2.3,0,1,1920,1080,141.21199808219862,128.0,1000.0,0.0,0.0,Intel Core i5,Nvidia,Windows,1649.0
Dell,Notebook,15.6,8,1.93,0,0,1920,1080,141.21199808219862,256.0,0.0,0.0,0.0,Intel Core i7,Nvidia,Windows,1369.0
Dell,Notebook,15.6,8,2.2,0,0,1920,1080,141.21199808219862,256.0,0.0,0.0,0.0,Intel Core i5,AMD,Windows,797.41
HP,Notebook,15.6,4,1.86,0,0,1920,1080,141.21199808219862,256.0,0.0,0.0,0.0,Intel Pentium Quad,Intel,Windows,398.99
HP,Gaming,17.3,12,2.62,0,0,1920,1080,127.33567457123111,0.0,1000.0,0.0,0.0,Intel Core i7,Nvidia,Windows,1799.0
Lenovo,Notebook,14.0,8,1.87,0,1,1920,1080,157.3505121487356,256.0,0.0,0.0,0.0,Intel Core i7,Nvidia,Windows,859.0
Dell,Ultrabook,13.3,8,1.2,1,0,3200,1800,276.053530085501,256.0,0.0,0.0,0.0,Intel Core i7,Intel,Windows,1399.0
Dell,Notebook,14.0,4,1.6,0,0,1920,1080,157.3505121487356,128.0,0.0,0.0,0.0,Intel Core i3,Intel,Windows,735.87
HP,Ultrabook,13.3,8,1.34,0,1,3200,1800,276.053530085501,256.0,0.0,0.0,0.0,Intel Core i7,Intel,Windows,1145.0
Acer,Gaming,15.6,8,2.4,0,0,1920,1080,141.21199808219862,0.0,1000.0,0.0,0.0,Intel Core i5,Nvidia,Linux,798.0
Asus,Notebook,15.6,4,2.0,0,0,1366,768,100.45466986113651,0.0,500.0,0.0,0.0,Otro,AMD,Windows,349.0
HP,Notebook,15.6,4,2.1,0,0,1920,1080,141.21199808219862,128.0,0.0,0.0,0.0,Intel Core i3,Intel,Windows,705.5
Lenovo,Notebook,14.0,4,1.87,0,0,1920,1080,157.3505121487356,0.0,500.0,0.0,0.0,Intel Core i5,Intel,Windows,785.0
Lenovo,Notebook,15.6,4,2.15,0,0,1920,1080,141.21199808219862,0.0,1000.0,0.0,0.0,Intel Core i5,Intel,Otro,462.35
HP,Notebook,15.6,4,1.86,0,0,1920,1080,141.21199808219862,0.0,500.0,0.0,0.0,Intel Core i3,Intel,Windows,397.0
Lenovo,Notebook,15.6,8,1.99,0,1,1920,1080,141.21199808219862,512.0,0.0,0.0,0.0,Intel Core i7,Intel,Windows,1729.0
Lenovo,Notebook,15.6,4,2.2,0,0,1920,1080,141.21199808219862,128.0,0.0,0.0,0.0,Intel Core i3,Intel,Windows,499.0
Dell,Notebook,15.6,8,1.9,0,0,1920,1080,141.21199808219862,256.0,0.0,0.0,0.0,Intel Core i5,Intel,Windows,1116.99
Dell,Gaming,17.3,16,4.42,0,1,1920,1080,127.33567457123111,256.0,1000.0,0.0,0.0,Intel Core i7,Nvidia,Windows,2699.0
HP,Notebook,17.3,8,2.65,0,0,1600,900,106.11306214269258,0.0,1000.0,0.0,0.0,Intel Core i3,Intel,Windows,544.15
HP,Notebook,17.3,8,2.63,0,0,1920,1080,127.33567457123111,0.0,1000.0,0.0,0.0,Intel Core i7,Nvidia,Windows,1280.0
Asus,Notebook,15.6,4,2.0,0,0,1366,768,100.45466986113651,0.0,500.0,0.0,0.0,Intel Celeron Dual,Intel,Linux,224.0
Mediacom,Notebook,13.3,4,1.35,0,1,1920,1080,165.6321180513006,0.0,0.0,32.0,0.0,Otro,Intel,Windows,255.0
Lenovo,Notebook,17.3,6,2.8,0,0,1600,900,106.11306214269258,128.0,1000.0,0.0,0.0,Intel Core i7,Nvidia,Windows,949.0
HP,Notebook,15.6,6,1.91,0,1,1920,1080,141.21199808219862,128.0,0.0,0.0,0.0,Otro,AMD,Windows,568.9
Dell,Notebook,15.6,4,2.18,0,0,1366,768,100.45466986113651,0.0,1000.0,0.0,0.0,Intel Core i3,AMD,Windows,617.9
Acer,2 in 1 Convertible,11.6,4,1.25,1,1,1920,1080,189.90579052433606,0.0,0.0,32.0,0.0,Intel Celeron Dual,Intel,Windows,349.0
Lenovo,Notebook,15.6,4,2.05,0,0,1920,1080,141.21199808219862,128.0,0.0,0.0,0.0,Intel Core i3,Intel,Windows,630.0
HP,Ultrabook,13.3,16,1.16,1,1,3200,1800,276.053530085501,512.0,0.0,0.0,0.0,Intel Core M,Intel,Windows,1965.0
Lenovo,Notebook,17.3,8,3.4,0,1,1920,1080,127.33567457123111,256.0,0.0,0.0,0.0,Intel Core i7,Nvidia,Windows,2999.0
Asus,Notebook,15.6,8,2.5,0,0,1920,1080,141.21199808219862,128.0,1000.0,0.0,0.0,Intel Core i5,Nvidia,Windows,839.0
Dell,Ultrabook,13.3,8,1.21,1,1,3840,2160,331.2642361026012,128.0,0.0,0.0,0.0,Intel Core i5,Intel,Windows,1599.0
Dell,Notebook,15.6,4,1.93,0,0,1366,768,100.45466986113651,0.0,500.0,0.0,0.0,Intel Core i5,Intel,Windows,959.0
Fujitsu,Notebook,15.6,8,2.2,0,0,1366,768,100.45466986113651,0.0,1000.0,0.0,0.0,Intel Core i5,Intel,Windows,739.0
Lenovo,Notebook,15.6,4,2.2,0,0,1920,1080,141.21199808219862,0.0,500.0,0.0,0.0,Intel Pentium Quad,Intel,Windows,344.0
Lenovo,Notebook,14.0,4,2.02,0,0,1366,768,111.93520355955211,0.0,500.0,0.0,0.0,Intel Core i5,Intel,Windows,990.0
HP,Workstation,17.3,8,3.14,0,0,1600,900,106.11306214269258,0.0,500.0,0.0,0.0,Intel Core i5,Nvidia,Windows,1860.99
HP,Notebook,14.0,8,1.94,0,0,1366,768,111.93520355955211,0.0,2000.0,0.0,0.0,Intel Pentium Quad,Intel,Windows,389.0
HP,Notebook,15.6,6,1.95,0,1,1920,1080,141.21199808219862,256.0,0.0,0.0,0.0,Otro,AMD,Windows,649.0
Lenovo,Notebook,15.6,8,2.3,0,0,1920,1080,141.21199808219862,256.0,0.0,0.0,0.0,Intel Core i5,Intel,Windows,830.0
Lenovo,Notebook,15.6,4,2.05,0,0,1920,1080,141.21199808219862,0.0,500.0,0.0,0.0,Intel Core i5,Intel,Windows,685.0
Mediacom,Notebook,14.0,4,1.4,0,0,1920,1080,157.3505121487356,32.0,0.0,0.0,0.0,Otro,Intel,Windows,249.0
Toshiba,Ultrabook,14.0,16,1.24,1,0,1920,1080,157.3505121487356,512.0,0.0,0.0,0.0,Intel Core i7,Intel,Windows,1865.0
Lenovo,Gaming,17.3,32,4.6,0,1,1920,1080,127.33567457123111,256.0,1000.0,0.0,0.0,Intel Core i7,Nvidia,Windows,2663.0
MSI,Gaming,17.3,16,4.14,0,0,1920,1080,127.33567457123111,512.0,1000.0,0.0,0.0,Intel Core i7,Nvidia,Windows,2729.0
Dell,Notebook,15.6,8,2.2,0,0,1920,1080,141.21199808219862,256.0,0.0,0.0,0.0,Intel Core i7,AMD,Linux,749.01
Mediacom,Notebook,14.0,4,1.45,0,1,1920,1080,157.3505121487356,32.0,0.0,0.0,0.0,Otro,Intel,Windows,389.0
Dell,Notebook,15.6,8,1.9,0,0,1366,768,100.45466986113651,0.0,500.0,0.0,0.0,Intel Core i5,Intel,Windows,1008.52
HP,Notebook,13.3,4,1.49,0,0,1920,1080,165.6321180513006,128.0,0.0,0.0,0.0,Intel Core i3,Intel,Windows,719.0
Dell,Notebook,15.6,16,1.93,0,0,1920,1080,141.21199808219862,256.0,0.0,0.0,0.0,Intel Core i7,Nvidia,Windows,1537.39
Dell,Netbook,11.6,4,1.26,0,0,1366,768,135.0942111925629,0.0,0.0,16.0,0.0,Intel Celeron Dual,Intel,Otro,295.0
MSI,Gaming,17.3,16,4.5,0,0,1920,1080,127.33567457123111,128.0,1000.0,0.0,0.0,Intel Core i7,Nvidia,Windows,2349.0
HP,Gaming,17.3,16,3.78,0,1,1920,1080,127.33567457123111,256.0,1000.0,0.0,0.0,Intel Core i7,Nvidia,Windows,1498.0
Lenovo,Ultrabook,14.0,12,1.4,0,1,1920,1080,157.3505121487356,256.0,0.0,0.0,0.0,Intel Core i7,Intel,Windows,1673.0
Lenovo,Notebook,15.6,12,2.2,1,0,1366,768,100.45466986113651,0.0,1000.0,0.0,0.0,Intel Core i7,Intel,Windows,609.0
Asus,Gaming,17.3,8,2.73,0,1,1920,1080,127.33567457123111,128.0,1000.0,0.0,0.0,Intel Core i5,Nvidia,Windows,1770.0
Asus,2 in 1 Convertible,15.6,8,2.2,1,0,1366,768,100.45466986113651,0.0,1000.0,0.0,0.0,Intel Core i5,Intel,Windows,739.0
Lenovo,Notebook,15.6,12,2.2,0,0,1920,1080,141.21199808219862,512.0,0.0,0.0,0.0,Otro,AMD,Windows,949.0
Dell,2 in 1 Convertible,11.6,4,1.39,1,0,1366,768,135.0942111925629,128.0,0.0,0.0,0.0,Intel Core M,Intel,Windows,603.0
Samsung,Notebook,15.6,16,2.5,0,0,1920,1080,141.21199808219862,128.0,1000.0,0.0,0.0,Intel Core i7,Nvidia,Windows,1699.0
Lenovo,Notebook,17.3,4,2.8,0,0,1920,1080,127.33567457123111,0.0,500.0,0.0,0.0,Intel Core i3,Intel,Otro,529.0
Lenovo,Notebook,15.6,8,2.29,0,0,1366,768,100.45466986113651,0.0,1000.0,0.0,0.0,Intel Core i3,Intel,Windows,459.0
Lenovo,2 in 1 Convertible,13.3,8,1.37,1,1,1920,1080,165.6321180513006,512.0,0.0,0.0,0.0,Intel Core i7,Intel,Windows,2025.0
Lenovo,Notebook,14.0,8,1.7,0,1,1920,1080,157.3505121487356,256.0,0.0,0.0,0.0,Intel Core i5,Intel,Windows,1474.0
Dell,2 in 1 Convertible,12.5,8,1.34,1,0,1920,1080,176.23257360658386,256.0,0.0,0.0,0.0,Intel Core i5,Intel,Windows,1670.0
Dell,Workstation,15.6,8,2.06,1,0,1920,1080,141.21199808219862,256.0,0.0,0.0,0.0,Intel Core i7,Nvidia,Windows,1763.0
HP,Notebook,15.6,8,1.84,0,0,1920,1080,141.21199808219862,256.0,0.0,0.0,0.0,Intel Core i7,Intel,Windows,1219.0
HP,Notebook,15.6,4,2.1,0,0,1366,768,100.45466986113651,0.0,500.0,0.0,0.0,Intel Core i3,Intel,Windows,668.48
Acer,Notebook,14.0,4,1.6,0,0,1920,1080,157.3505121487356,0.0,0.0,32.0,0.0,Otro,Intel,Windows,329.0
MSI,Gaming,17.3,16,4.14,0,0,1920,1080,127.33567457123111,128.0,1000.0,0.0,0.0,Intel Core i7,Nvidia,Windows,2199.0
Dell,Notebook,15.6,4,2.18,0,0,1366,768,100.45466986113651,0.0,1000.0,0.0,0.0,Intel Core i3,AMD,Linux,465.0
MSI,Gaming,15.6,16,1.8,0,0,3840,2160,282.42399616439724,256.0,2000.0,0.0,0.0,Intel Core i7,Nvidia,Windows,2299.0
Toshiba,Notebook,15.6,8,2.2,0,1,1920,1080,141.21199808219862,256.0,0.0,0.0,0.0,Intel Core i7,Intel,Windows,1399.0
Lenovo,Notebook,15.6,6,2.4,0,0,1920,1080,141.21199808219862,0.0,1000.0,0.0,0.0,Intel Core i5,Intel,Windows,564.0
Lenovo,2 in 1 Convertible,15.6,8,2.0,1,1,1920,1080,141.21199808219862,256.0,0.0,0.0,0.0,Intel Core i7,Intel,Windows,1299.0
Acer,Notebook,14.0,4,1.6,0,0,1366,768,111.93520355955211,0.0,0.0,128.0,0.0,Intel Pentium Quad,Intel,Windows,349.0
Lenovo,Notebook,15.6,32,2.5,0,1,3840,2160,282.42399616439724,1000.0,0.0,0.0,0.0,Otro,Nvidia,Windows,4899.0
Dell,Gaming,15.6,16,2.59,0,0,1920,1080,141.21199808219862,0.0,1000.0,0.0,0.0,Intel Core i7,Nvidia,Windows,879.01
Dell,Notebook,15.6,4,2.18,0,0,1366,768,100.45466986113651,0.0,1000.0,0.0,0.0,Intel Core i3,Intel,Linux,443.9
Dell,Notebook,15.6,4,2.25,0,0,1366,768,100.45466986113651,0.0,1000.0,0.0,0.0,Intel Core i3,Intel,Linux,359.0
Dell,Notebook,15.6,4,1.93,0,0,1366,768,100.45466986113651,0.0,500.0,0.0,0.0,Intel Core i5,Intel,Linux,869.0
Asus,Gaming,17.3,8,3.0,0,0,1920,1080,127.33567457123111,128.0,1000.0,0.0,0.0,Intel Core i7,Nvidia,Windows,1168.0
Dell,Notebook,15.6,4,2.18,0,0,1920,1080,141.21199808219862,128.0,0.0,0.0,0.0,Intel Core i5,AMD,Linux,569.0
HP,Ultrabook,15.6,8,1.84,0,0,1920,1080,141.21199808219862,512.0,0.0,0.0,0.0,Intel Core i7,Intel,Windows,1389.0
MSI,Gaming,15.6,16,2.94,0,0,1920,1080,141.21199808219862,256.0,1000.0,0.0,0.0,Intel Core i7,Nvidia,Windows,2267.86
Acer,2 in 1 Convertible,11.6,4,1.25,1,1,1366,768,135.0942111925629,0.0,0.0,32.0,0.0,Otro,Intel,Otro,379.0
HP,Notebook,14.0,8,2.31,0,0,1366,768,111.93520355955211,256.0,0.0,0.0,0.0,Intel Core i5,Intel,Windows,1124.0
Lenovo,Notebook,14.0,8,1.65,0,0,1920,1080,157.3505121487356,256.0,0.0,0.0,0.0,Intel Core i5,Intel,Windows,1465.0
Dell,Notebook,15.6,4,2.2,0,0,1920,1080,141.21199808219862,0.0,1000.0,0.0,0.0,Intel Core i5,AMD,Windows,776.0
Fujitsu,Notebook,15.6,8,2.2,0,0,1366,768,100.45466986113651,256.0,0.0,0.0,0.0,Intel Core i5,Intel,Windows,799.0
HP,Notebook,15.6,4,1.88,0,0,1366,768,100.45466986113651,0.0,500.0,0.0,0.0,Intel Core i5,Intel,Windows,932.0
Lenovo,Notebook,15.6,8,2.2,0,0,1920,1080,141.21199808219862,0.0,1000.0,0.0,0.0,Intel Core i7,Nvidia,Windows,899.0
Mediacom,Notebook,14.0,2,1.4,0,0,1920,1080,157.3505121487356,0.0,0.0,32.0,0.0,Otro,Intel,Windows,239.0
Lenovo,Notebook,15.6,4,2.2,0,0,1920,1080,141.21199808219862,128.0,0.0,0.0,0.0,Intel Core i5,Intel,Otro,468.0
Asus,2 in 1 Convertible,13.3,6,1.5,1,0,1920,1080,165.6321180513006,0.0,1000.0,0.0,0.0,Intel Core i5,Intel,Windows,639.01
Dell,Notebook,15.6,8,2.0,0,0,1920,1080,141.21199808219862,256.0,0.0,0.0,0.0,Intel Core i7,Nvidia,Windows,1820.0
Asus,Ultrabook,14.0,16,1.1,0,0,1920,1080,157.3505121487356,512.0,0.0,0.0,0.0,Intel Core i7,Intel,Windows,1900.0
Dell,Gaming,15.6,16,2.62,0,0,1920,1080,141.21199808219862,256.0,1000.0,0.0,0.0,Intel Core i7,Nvidia,Windows,1479.0
Lenovo,Notebook,15.6,4,1.8,0,0,1920,1080,141.21199808219862,256.0,0.0,0.0,0.0,Intel Core i5,Intel,Windows,829.0
Lenovo,Notebook,15.6,4,2.2,0,0,1920,1080,141.21199808219862,0.0,1000.0,0.0,0.0,Intel Core i3,Nvidia,Windows,579.0
Asus,Notebook,15.6,8,2.0,0,0,1366,768,100.45466986113651,0.0,1000.0,0.0,0.0,Intel Celeron Dual,Intel,Windows,399.0
Asus,Notebook,15.6,8,1.99,0,0,1920,1080,141.21199808219862,0.0,1000.0,0.0,0.0,Intel Core i5,Nvidia,Windows,906.62
Dell,Ultrabook,13.3,8,1.23,1,0,3200,1800,276.053530085501,256.0,0.0,0.0,0.0,Intel Core i5,Intel,Windows,1869.0
Lenovo,Notebook,14.0,2,1.42,0,0,1366,768,111.93520355955211,0.0,0.0,32.0,0.0,Intel Celeron Dual,Intel,Windows,249.0
Lenovo,2 in 1 Convertible,13.3,8,1.37,1,1,1920,1080,165.6321180513006,256.0,0.0,0.0,0.0,Intel Core i7,Intel,Windows,1757.42
Dell,Notebook,15.6,16,2.06,1,0,3840,2160,282.42399616439724,1000.0,0.0,0.0,0.0,Intel Core i7,Nvidia,Windows,2399.0
Lenovo,Gaming,15.6,8,2.5,0,1,1920,1080,141.21199808219862,128.0,1000.0,0.0,0.0,Intel Core i7,Nvidia,Windows,1109.0
HP,Notebook,17.0,8,2.6,0,0,1600,900,107.98564559226952,0.0,1000.0,0.0,0.0,AMD A9-Series 9420,AMD,Windows,520.9
Lenovo,Ultrabook,14.0,16,1.14,0,1,1920,1080,157.3505121487356,512.0,0.0,0.0,0.0,Intel Core i7,Intel,Windows,2450.0
Asus,Gaming,15.6,8,2.5,0,1,1920,1080,141.21199808219862,0.0,1000.0,0.0,0.0,Intel Core i7,Nvidia,Otro,1169.0
Acer,Notebook,15.6,4,2.4,0,0,1366,768,100.45466986113651,0.0,500.0,0.0,0.0,Intel Core i3,Intel,Windows,450.0
Lenovo,Notebook,14.0,4,1.43,0,0,1366,768,111.93520355955211,0.0,0.0,32.0,0.0,Intel Celeron Dual,Intel,Windows,274.0
Acer,Ultrabook,14.0,8,1.8,0,1,1920,1080,157.3505121487356,256.0,0.0,0.0,0.0,Intel Core i5,Intel,Windows,919.0
Razer,Gaming,14.0,16,1.95,0,0,1920,1080,157.3505121487356,256.0,0.0,0.0,0.0,Intel Core i7,Nvidia,Windows,2599.0
Toshiba,Notebook,13.3,8,1.2,0,0,1920,1080,165.6321180513006,256.0,0.0,0.0,0.0,Intel Core i5,Intel,Windows,1213.0
Lenovo,Ultrabook,12.5,8,1.36,0,1,1920,1080,176.23257360658386,256.0,0.0,0.0,0.0,Intel Core i7,Intel,Windows,1584.0
Asus,Gaming,17.3,32,3.8,0,1,1920,1080,127.33567457123111,512.0,0.0,0.0,0.0,Intel Core i7,Nvidia,Windows,2799.0
Acer,Gaming,15.6,8,2.4,0,0,1920,1080,141.21199808219862,0.0,1000.0,0.0,0.0,Intel Core i5,Nvidia,Linux,709.0
Dell,Ultrabook,13.3,8,1.2,0,0,1920,1080,165.6321180513006,256.0,0.0,0.0,0.0,Intel Core i5,Intel,Windows,1449.9
MSI,Gaming,15.6,8,2.2,0,0,1920,1080,141.21199808219862,128.0,1000.0,0.0,0.0,Intel Core i7,Nvidia,Windows,1191.8
HP,Notebook,15.6,4,1.86,0,0,1366,768,100.45466986113651,0.0,500.0,0.0,0.0,Intel Core i3,Intel,Otro,364.9
Toshiba,Notebook,15.6,8,2.0,0,1,1920,1080,141.21199808219862,0.0,500.0,0.0,0.0,Intel Core i5,Intel,Windows,1064.0
Dell,Notebook,15.6,8,2.2,0,0,1920,1080,141.21199808219862,256.0,0.0,0.0,0.0,Intel Core i7,AMD,Windows,919.0
Dell,Notebook,15.6,16,2.2,0,0,1920,1080,141.21199808219862,256.0,2000.0,0.0,0.0,Intel Core i7,AMD,Windows,1135.0
Lenovo,Gaming,15.6,8,3.31,0,1,1920,1080,141.21199808219862,128.0,1000.0,0.0,0.0,Intel Core i7,Nvidia,Windows,1196.0
Dell,Gaming,17.3,32,4.42,0,1,3840,2160,254.67134914246222,512.0,1000.0,0.0,0.0,Intel Core i7,Nvidia,Windows,3147.37
Dell,Notebook,14.0,8,1.56,0,0,1920,1080,157.3505121487356,256.0,0.0,0.0,0.0,Intel Core i5,Intel,Windows,1229.0
Lenovo,Notebook,15.6,4,2.2,0,0,1366,768,100.45466986113651,0.0,500.0,0.0,0.0,Intel Celeron Dual,Intel,Windows,419.0
Lenovo,Notebook,15.6,4,2.2,0,0,1920,1080,141.21199808219862,0.0,500.0,0.0,0.0,Intel Core i5,Intel,Windows,535.0
HP,Notebook,15.6,6,2.04,0,0,1920,1080,141.21199808219862,0.0,1000.0,0.0,0.0,Intel Core i3,AMD,Windows,539.0
MSI,Gaming,17.3,8,2.7,0,0,1920,1080,127.33567457123111,128.0,1000.0,0.0,0.0,Intel Core i7,Nvidia,Windows,1486.77
Toshiba,Notebook,15.6,4,2.1,0,0,1366,768,100.45466986113651,128.0,0.0,0.0,0.0,Intel Core i3,Intel,Windows,498.0
Dell,Notebook,15.6,8,2.06,0,0,1920,1080,141.21199808219862,0.0,1000.0,0.0,0.0,Intel Core i5,Intel,Windows,955.0
HP,Notebook,15.6,8,2.1,0,0,1920,1080,141.21199808219862,0.0,1000.0,0.0,0.0,Intel Core i7,AMD,Windows,745.0
Toshiba,Notebook,15.6,8,2.0,0,1,1920,1080,141.21199808219862,256.0,0.0,0.0,0.0,Intel Core i5,Intel,Windows,1258.0
Acer,Notebook,15.6,4,2.1,0,0,1366,768,100.45466986113651,128.0,0.0,0.0,0.0,Intel Core i3,Intel,Linux,412.0
Microsoft,Ultrabook,13.5,8,1.252,1,0,2256,1504,200.84255993695703,256.0,0.0,0.0,0.0,Intel Core i7,Intel,Windows,1867.85
Lenovo,Notebook,15.6,8,1.9,0,0,1920,1080,141.21199808219862,128.0,1000.0,0.0,0.0,Intel Core i5,AMD,Windows,817.95
Lenovo,2 in 1 Convertible,13.3,8,1.3,1,1,1920,1080,165.6321180513006,256.0,0.0,0.0,0.0,Intel Core i5,Intel,Windows,1034.0
Lenovo,Notebook,15.6,4,2.2,0,0,1366,768,100.45466986113651,128.0,0.0,0.0,0.0,Otro,AMD,Windows,349.0
HP,2 in 1 Convertible,14.0,4,1.63,1,1,1920,1080,157.3505121487356,128.0,0.0,0.0,0.0,Intel Core i3,Nvidia,Windows,699.0
MSI,Gaming,15.6,16,2.4,0,0,1920,1080,141.21199808219862,256.0,1000.0,0.0,0.0,Intel Core i7,Nvidia,Windows,1294.0
Asus,Ultrabook,14.0,8,1.1,0,0,1920,1080,157.3505121487356,256.0,0.0,0.0,0.0,Intel Core i5,Intel,Windows,1135.0
HP,2 in 1 Convertible,11.6,8,1.4,1,0,1366,768,135.0942111925629,0.0,0.0,64.0,0.0,Intel Celeron Dual,Intel,Otro,495.0
LG,Ultrabook,15.6,8,1.09,0,1,1920,1080,141.21199808219862,512.0,0.0,0.0,0.0,Intel Core i7,Intel,Windows,2299.0
Acer,Gaming,15.6,16,2.5,0,0,1920,1080,141.21199808219862,256.0,0.0,0.0,0.0,Intel Core i5,Nvidia,Windows,1299.0
MSI,Gaming,15.6,8,2.2,0,0,1920,1080,141.21199808219862,256.0,0.0,0.0,0.0,Intel Core i5,Nvidia,Windows,997.9
Asus,Notebook,15.6,4,1.86,0,0,1366,768,100.45466986113651,128.0,0.0,0.0,0.0,Intel Celeron Dual,Intel,Windows,419.0
Dell,Gaming,15.6,16,3.21,0,0,1920,1080,141.21199808219862,128.0,1000.0,0.0,0.0,Intel Core i5,Nvidia,Windows,2051.0
HP,Notebook,17.3,4,2.5,0,1,1920,1080,127.33567457123111,256.0,0.0,0.0,0.0,Intel Core i3,AMD,Windows,699.0
Lenovo,2 in 1 Convertible,13.3,8,1.19,1,1,1920,1080,165.6321180513006,512.0,0.0,0.0,0.0,Intel Core i7,Intel,Windows,1499.0
Dell,Gaming,15.6,16,3.49,0,0,1920,1080,141.21199808219862,256.0,1000.0,0.0,0.0,Intel Core i7,Nvidia,Windows,2813.75
HP,Notebook,15.6,4,1.86,0,0,1366,768,100.45466986113651,0.0,500.0,0.0,0.0,Intel Core i5,AMD,Windows,612.61
Dell,Notebook,15.6,4,2.2,0,0,1366,768,100.45466986113651,0.0,1000.0,0.0,0.0,Intel Core i3,AMD,Windows,545.67
HP,Notebook,17.3,6,2.65,0,1,1920,1080,127.33567457123111,0.0,2000.0,0.0,0.0,Otro,AMD,Windows,569.0
Lenovo,Notebook,15.6,4,2.1,0,0,1366,768,100.45466986113651,0.0,500.0,0.0,0.0,Intel Celeron Dual,Intel,Windows,318.0
Acer,Notebook,14.0,4,1.45,0,0,1366,768,111.93520355955211,0.0,0.0,32.0,0.0,Intel Celeron Dual,Intel,Otro,375.0
Lenovo,Notebook,14.0,4,1.7,0,0,1920,1080,157.3505121487356,256.0,0.0,0.0,0.0,Intel Core i5,Intel,Windows,699.0
HP,Workstation,17.3,8,3.14,0,0,1920,1080,127.33567457123111,0.0,500.0,0.0,0.0,Intel Core i7,Nvidia,Windows,1907.99
Lenovo,2 in 1 Convertible,14.0,8,1.42,1,0,2560,1440,209.8006828649808,256.0,0.0,0.0,0.0,Intel Core i7,Intel,Windows,2590.0
Toshiba,Notebook,13.3,8,1.5,0,1,1920,1080,165.6321180513006,256.0,0.0,0.0,0.0,Intel Core i5,Intel,Windows,973.0
Acer,Netbook,11.6,4,1.4,0,0,1366,768,135.0942111925629,0.0,0.0,32.0,0.0,Intel Celeron Dual,Intel,Windows,269.0
Lenovo,2 in 1 Convertible,14.0,16,1.38,1,0,1920,1080,157.3505121487356,512.0,0.0,0.0,0.0,Intel Core i7,Intel,Windows,1749.0
Asus,2 in 1 Convertible,12.5,4,1.2,1,0,1920,1080,176.23257360658386,0.0,0.0,64.0,0.0,Intel Core M,Intel,Otro,669.0
Toshiba,Ultrabook,13.3,16,1.36,1,0,1920,1080,165.6321180513006,512.0,0.0,0.0,0.0,Intel Core i7,Intel,Windows,1877.0
HP,Notebook,15.6,4,2.1,0,1,1920,1080,141.21199808219862,0.0,500.0,0.0,0.0,Intel Core i7,AMD,Windows,689.0
Dell,Gaming,15.6,8,2.56,0,0,1920,1080,141.21199808219862,0.0,1000.0,0.0,0.0,Intel Core i5,Nvidia,Windows,819.0
Lenovo,Notebook,15.6,4,2.2,0,0,1920,1080,141.21199808219862,256.0,0.0,0.0,0.0,AMD A9-Series 9420,AMD,Windows,399.0
Lenovo,Notebook,15.6,8,2.2,0,0,1366,768,100.45466986113651,0.0,1000.0,0.0,0.0,Otro,AMD,Windows,429.0
Lenovo,Notebook,15.6,4,2.1,0,0,1920,1080,141.21199808219862,0.0,2000.0,0.0,0.0,Intel Core i5,Intel,Windows,621.45
Lenovo,Notebook,15.6,4,1.9,0,0,1366,768,100.45466986113651,0.0,500.0,0.0,0.0,Intel Core i3,Intel,Otro,450.0
Dell,Notebook,15.6,8,2.18,0,0,1920,1080,141.21199808219862,256.0,0.0,0.0,0.0,Intel Core i5,Intel,Windows,795.0
Acer,2 in 1 Convertible,13.3,8,1.6,1,1,1920,1080,165.6321180513006,256.0,0.0,0.0,0.0,Intel Core i5,Intel,Windows,999.0
Lenovo,Workstation,15.6,16,2.18,0,0,1920,1080,141.21199808219862,512.0,0.0,0.0,0.0,Intel Core i7,Nvidia,Windows,1855.0
Lenovo,Notebook,14.0,8,1.8,0,0,1920,1080,157.3505121487356,256.0,0.0,0.0,0.0,Intel Core i5,Intel,Windows,1191.0
HP,Notebook,17.3,6,2.71,0,1,1920,1080,127.33567457123111,0.0,2000.0,0.0,0.0,Otro,AMD,Windows,655.01
Lenovo,Gaming,15.6,8,2.5,0,1,1920,1080,141.21199808219862,128.0,1000.0,0.0,0.0,Intel Core i7,Nvidia,Windows,1249.0
Dell,Notebook,14.0,8,1.64,0,0,1920,1080,157.3505121487356,256.0,0.0,0.0,0.0,Intel Core i5,Nvidia,Linux,1089.0
Dell,Notebook,15.6,8,1.98,0,0,1920,1080,141.21199808219862,0.0,1000.0,0.0,0.0,Intel Core i5,Intel,Linux,726.0
Asus,Notebook,14.0,4,1.5,0,0,1920,1080,157.3505121487356,0.0,0.0,32.0,0.0,Intel Celeron Dual,Intel,Windows,298.0
Dell,Notebook,15.6,16,1.93,0,0,1920,1080,141.21199808219862,512.0,0.0,0.0,0.0,Intel Core i5,Intel,Windows,1426.66
Lenovo,Notebook,14.0,8,1.87,0,1,1920,1080,157.3505121487356,256.0,0.0,0.0,0.0,Intel Core i5,Nvidia,Windows,857.07
Dell,Notebook,15.6,8,1.9,0,0,1920,1080,141.21199808219862,256.0,0.0,0.0,0.0,Intel Core i5,Intel,Windows,1179.0
Lenovo,Notebook,15.6,4,2.19,0,0,1366,768,100.45466986113651,0.0,500.0,0.0,0.0,Otro,AMD,Windows,298.0
Mediacom,Notebook,14.0,4,1.4,0,1,1920,1200,161.72539083525606,0.0,32.0,0.0,0.0,Otro,Intel,Windows,265.0
HP,Notebook,17.3,8,2.63,0,0,1920,1080,127.33567457123111,256.0,0.0,0.0,0.0,Intel Core i7,Nvidia,Windows,1200.0
Lenovo,Ultrabook,14.0,8,1.17,0,1,2560,1440,209.8006828649808,512.0,0.0,0.0,0.0,Intel Core i7,Intel,Windows,1686.64
HP,2 in 1 Convertible,13.3,8,1.58,1,1,1366,768,117.82653006268643,256.0,0.0,0.0,0.0,Intel Core i5,Intel,Windows,836.6
Lenovo,Ultrabook,14.0,8,1.32,0,1,1920,1080,157.3505121487356,256.0,0.0,0.0,0.0,Intel Core i5,Intel,Windows,1499.0
Dell,Gaming,17.3,32,4.36,0,0,3840,2160,254.67134914246222,1000.0,1000.0,0.0,0.0,Intel Core i7,Nvidia,Windows,3659.4
MSI,Gaming,17.3,8,2.7,0,0,1920,1080,127.33567457123111,128.0,1000.0,0.0,0.0,Intel Core i7,Nvidia,Windows,1348.48
Lenovo,Notebook,15.6,4,1.9,0,0,1366,768,100.45466986113651,0.0,1000.0,0.0,0.0,Intel Core i5,Intel,Otro,489.9
Dell,Notebook,15.6,8,2.2,0,0,1920,1080,141.21199808219862,128.0,1000.0,0.0,0.0,Intel Core i5,AMD,Windows,719.0
Dell,2 in 1 Convertible,13.3,4,1.71,1,0,1920,1080,165.6321180513006,0.0,1000.0,0.0,0.0,Intel Core i3,Intel,Windows,649.0
Dell,Notebook,15.6,8,2.32,0,0,1366,768,100.45466986113651,0.0,1000.0,0.0,0.0,Intel Core i5,AMD,Linux,589.52
HP,Notebook,15.6,4,2.1,0,0,1920,1080,141.21199808219862,0.0,1000.0,0.0,0.0,AMD A9-Series 9420,AMD,Windows,489.0
Acer,Gaming,17.3,16,4.2,0,1,1920,1080,127.33567457123111,128.0,1000.0,0.0,0.0,Intel Core i7,Nvidia,Windows,1935.0
Dell,Notebook,15.6,12,2.25,0,0,1366,768,100.45466986113651,0.0,1000.0,0.0,0.0,Intel Core i5,Intel,Windows,649.0
HP,Notebook,15.6,6,2.1,0,0,1920,1080,141.21199808219862,128.0,1000.0,0.0,0.0,Otro,AMD,Windows,650.0
Acer,Notebook,15.6,4,2.4,0,0,1366,768,100.45466986113651,0.0,500.0,0.0,0.0,Intel Core i5,Intel,Windows,559.0
Lenovo,Notebook,13.3,8,1.44,0,1,1920,1080,165.6321180513006,256.0,0.0,0.0,0.0,Intel Core i5,Intel,Windows,960.0
Lenovo,Notebook,15.6,4,1.85,0,0,1920,1080,141.21199808219862,0.0,1000.0,0.0,0.0,Intel Core i7,Intel,Windows,779.0
HP,Workstation,15.6,16,2.6,0,0,1920,1080,141.21199808219862,256.0,0.0,0.0,0.0,Intel Core i7,Nvidia,Windows,2419.0
Dell,2 in 1 Convertible,13.3,8,1.55,1,0,1920,1080,165.6321180513006,0.0,1000.0,0.0,0.0,Intel Core i5,Intel,Windows,659.0
MSI,Gaming,15.6,16,1.8,0,0,1920,1080,141.21199808219862,256.0,1000.0,0.0,0.0,Intel Core i7,Nvidia,Windows,2094.48
Acer,Notebook,15.6,4,2.4,0,0,1366,768,100.45466986113651,0.0,500.0,0.0,0.0,Intel Core i3,Intel,Windows,410.8
Dell,Notebook,15.6,8,2.0,0,0,1920,1080,141.21199808219862,128.0,1000.0,0.0,0.0,Intel Core i7,Nvidia,Windows,1207.0
Dell,Notebook,15.6,8,2.0,0,0,1366,768,100.45466986113651,256.0,0.0,0.0,0.0,Intel Core i3,Intel,Windows,665.0
Toshiba,Notebook,14.0,8,1.25,1,1,1920,1080,157.3505121487356,256.0,0.0,0.0,0.0,Intel Core i5,Intel,Windows,1535.0
Lenovo,2 in 1 Convertible,14.0,8,1.7,1,0,1920,1080,157.3505121487356,256.0,0.0,0.0,0.0,Intel Core i5,Intel,Windows,999.0
Lenovo,Workstation,15.6,16,2.5,0,1,3840,2160,282.42399616439724,1000.0,0.0,0.0,0.0,Intel Core i7,Nvidia,Windows,3299.0
Acer,Notebook,14.0,2,1.68,0,0,1366,768,111.93520355955211,0.0,0.0,32.0,0.0,Intel Celeron Dual,Intel,Otro,330.0
Samsung,Ultrabook,13.3,16,0.81,0,0,1920,1080,165.6321180513006,256.0,0.0,0.0,0.0,Intel Core i7,Intel,Windows,1649.0
HP,Notebook,15.6,8,1.86,0,0,1920,1080,141.21199808219862,256.0,0.0,0.0,0.0,Intel Core i3,Intel,Windows,539.0
Dell,Notebook,14.0,8,1.6,0,0,1366,768,111.93520355955211,256.0,0.0,0.0,0.0,Intel Core i5,Intel,Windows,1126.71
HP,Workstation,17.3,16,3.0,0,1,1920,1080,127.33567457123111,256.0,0.0,0.0,0.0,Otro,Nvidia,Windows,4389.0
Lenovo,Netbook,11.6,4,1.4,1,0,1366,768,135.0942111925629,128.0,0.0,0.0,0.0,Intel Celeron Dual,Intel,Windows,475.0
HP,Notebook,15.6,8,1.84,0,0,1920,1080,141.21199808219862,256.0,0.0,0.0,0.0,Intel Core i5,Intel,Windows,1900.0
Asus,Notebook,15.6,4,2.45,0,0,1366,768,100.45466986113651,0.0,1000.0,0.0,0.0,Intel Core i5,Nvidia,Otro,579.0
Lenovo,Ultrabook,14.0,4,1.7,0,0,1920,1080,157.3505121487356,180.0,0.0,0.0,0.0,Intel Core i5,Intel,Windows,1096.0
Asus,Notebook,15.6,4,2.37,0,0,1366,768,100.45466986113651,256.0,0.0,0.0,0.0,Intel Core i7,Intel,Windows,849.9
Lenovo,2 in 1 Convertible,13.3,8,1.3,1,1,3200,1800,276.053530085501,256.0,0.0,0.0,0.0,Intel Core i5,Intel,Windows,1199.0
HP,Notebook,15.6,8,2.2,0,1,1920,1080,141.21199808219862,128.0,1000.0,0.0,0.0,Intel Core i5,Nvidia,Windows,1099.0
HP,Workstation,15.6,8,2.59,0,0,1920,1080,141.21199808219862,256.0,0.0,0.0,0.0,Intel Core i7,Nvidia,Windows,1561.0
Dell,Gaming,15.6,16,4.42,0,1,3840,2160,282.42399616439724,256.0,1000.0,0.0,0.0,Intel Core i7,Nvidia,Windows,2868.99
Acer,Notebook,15.6,4,2.1,0,0,1366,768,100.45466986113651,256.0,0.0,0.0,0.0,Intel Core i5,Intel,Windows,599.0
Lenovo,Gaming,15.6,8,2.5,0,1,1920,1080,141.21199808219862,128.0,1000.0,0.0,0.0,Intel Core i7,Nvidia,Windows,1048.0
Dell,Ultrabook,12.5,16,1.18,0,0,1920,1080,176.23257360658386,256.0,0.0,0.0,0.0,Intel Core i7,Intel,Windows,1859.0
Google,Ultrabook,12.3,8,1.1,1,0,2400,1600,234.50740003017813,256.0,0.0,0.0,0.0,Intel Core i5,Intel,Otro,1559.0
Asus,Ultrabook,13.3,8,1.2,0,1,3200,1800,276.053530085501,256.0,0.0,0.0,0.0,Intel Core i5,Intel,Windows,1129.0
Dell,Notebook,13.3,4,1.65,0,0,1366,768,117.82653006268643,0.0,500.0,0.0,0.0,Intel Core i3,Intel,Windows,849.0
Acer,Notebook,13.3,4,1.6,0,0,1366,768,117.82653006268643,128.0,0.0,0.0,0.0,Intel Core i5,Intel,Windows,655.0
Asus,Notebook,17.3,4,2.8,0,0,1366,768,90.58340172449303,0.0,1000.0,0.0,0.0,Intel Pentium Quad,Nvidia,Windows,470.34
Dell,Gaming,15.6,16,2.72,1,1,3840,2160,282.42399616439724,128.0,1000.0,0.0,0.0,Intel Core i7,Nvidia,Windows,1099.0
Samsung,Ultrabook,13.3,8,1.31,1,0,1920,1080,165.6321180513006,256.0,0.0,0.0,0.0,Intel Core i7,Intel,Windows,1599.0
Acer,Notebook,15.6,4,2.1,0,0,1366,768,100.45466986113651,0.0,1000.0,0.0,0.0,Intel Pentium Quad,Intel,Linux,298.0
Dell,Notebook,15.6,16,2.3,0,0,1920,1080,141.21199808219862,256.0,0.0,0.0,0.0,Intel Core i7,AMD,Windows,1181.27
Samsung,2 in 1 Convertible,15.0,16,1.71,1,0,1920,1080,146.86047800548656,256.0,0.0,0.0,0.0,Intel Core i7,AMD,Windows,1799.0
Toshiba,Notebook,14.0,4,1.75,0,1,1366,768,111.93520355955211,128.0,0.0,0.0,0.0,Intel Core i5,Intel,Windows,1020.0
Dell,Gaming,15.6,8,2.62,0,0,1920,1080,141.21199808219862,0.0,1000.0,0.0,0.0,Intel Core i7,Nvidia,Windows,1099.0
HP,Ultrabook,12.5,4,1.26,0,0,1366,768,125.36742798669837,256.0,0.0,0.0,0.0,Intel Core i5,Intel,Windows,1244.0
Asus,2 in 1 Convertible,15.6,12,2.3,1,0,1920,1080,141.21199808219862,0.0,2000.0,0.0,0.0,Intel Core i7,Nvidia,Windows,839.0
Lenovo,Notebook,15.6,16,2.5,0,0,3840,2160,282.42399616439724,512.0,0.0,0.0,0.0,Intel Core i7,Nvidia,Windows,2370.0
Acer,Notebook,14.0,4,1.8,0,1,1920,1080,157.3505121487356,128.0,0.0,0.0,0.0,Intel Core i3,Intel,Windows,636.0
Razer,Gaming,14.0,16,1.95,0,0,1920,1080,157.3505121487356,512.0,0.0,0.0,0.0,Intel Core i7,Nvidia,Windows,2899.0
Asus,Notebook,15.6,8,2.0,0,0,1920,1080,141.21199808219862,128.0,0.0,0.0,0.0,Otro,Intel,Windows,581.9
Dell,Gaming,17.3,32,4.42,0,1,1920,1080,127.33567457123111,1000.0,1000.0,0.0,0.0,Intel Core i7,Nvidia,Windows,3588.8
Asus,Gaming,17.3,16,4.3,0,1,1920,1080,127.33567457123111,256.0,1000.0,0.0,0.0,Intel Core i7,Nvidia,Windows,2350.0
Toshiba,Ultrabook,14.0,16,1.47,0,1,1920,1080,157.3505121487356,512.0,0.0,0.0,0.0,Intel Core i7,Nvidia,Windows,1764.0
Lenovo,Notebook,15.6,8,2.2,0,0,1366,768,100.45466986113651,0.0,1000.0,0.0,0.0,Otro,Intel,Otro,329.0
Lenovo,Ultrabook,14.0,16,1.7,0,0,1920,1080,157.3505121487356,512.0,0.0,0.0,0.0,Intel Core i7,Intel,Windows,2299.0
MSI,Gaming,14.0,16,1.6,0,1,1920,1080,157.3505121487356,256.0,1000.0,0.0,0.0,Intel Core i7,Nvidia,Windows,1891.0
MSI,Gaming,15.6,8,2.2,0,0,1920,1080,141.21199808219862,128.0,1000.0,0.0,0.0,Intel Core i5,Nvidia,Windows,1089.0
Lenovo,Gaming,15.6,4,2.4,0,1,1920,1080,141.21199808219862,0.0,1000.0,0.0,0.0,Intel Core i7,Nvidia,Windows,999.0
Acer,Gaming,17.3,16,4.2,0,1,1920,1080,127.33567457123111,256.0,1000.0,0.0,0.0,Intel Core i7,Nvidia,Windows,2299.0
Dell,Gaming,15.6,8,2.62,0,0,1920,1080,141.21199808219862,256.0,0.0,0.0,0.0,Intel Core i5,Nvidia,Windows,985.0
Asus,Gaming,15.6,8,2.24,0,0,1920,1080,141.21199808219862,128.0,1000.0,0.0,0.0,Intel Core i7,Nvidia,Windows,1339.0
Vero,Notebook,14.0,4,1.22,0,0,1920,1080,157.3505121487356,0.0,0.0,32.0,0.0,Intel Celeron Dual,Intel,Windows,202.9
Lenovo,2 in 1 Convertible,13.3,8,1.37,1,1,1920,1080,165.6321180513006,512.0,0.0,0.0,0.0,Intel Core i7,Intel,Windows,1970.0
Lenovo,2 in 1 Convertible,15.6,8,2.08,1,0,1920,1080,141.21199808219862,256.0,0.0,0.0,0.0,Intel Core i5,AMD,Windows,959.0
Apple,Ultrabook,12.0,8,0.92,0,1,2304,1440,226.41554716935852,0.0,0.0,512.0,0.0,Intel Core M,Intel,Mac,1165.0
Lenovo,2 in 1 Convertible,14.0,8,1.42,1,1,2560,1440,209.8006828649808,256.0,0.0,0.0,0.0,Intel Core i5,Intel,Windows,2330.0
Asus,Notebook,14.0,4,1.63,0,0,1366,768,111.93520355955211,0.0,0.0,32.0,0.0,Intel Celeron Dual,Intel,Windows,299.0
Dell,Notebook,15.6,8,1.95,0,0,1366,768,100.45466986113651,128.0,0.0,0.0,0.0,Intel Core i5,Intel,Windows,810.0
Lenovo,2 in 1 Convertible,13.9,8,1.38,1,1,1920,1080,158.48253022174808,256.0,0.0,0.0,0.0,Intel Core i7,Intel,Windows,1349.0
Dell,Notebook,15.6,8,2.0,0,0,1920,1080,141.21199808219862,256.0,0.0,0.0,0.0,Intel Core i3,AMD,Windows,739.0
HP,Workstation,15.6,8,3.14,0,0,1920,1080,141.21199808219862,256.0,0.0,0.0,0.0,Intel Core i7,Nvidia,Windows,2064.9
Asus,Notebook,15.6,8,2.37,0,0,1920,1080,141.21199808219862,256.0,0.0,0.0,0.0,Intel Core i5,Intel,Windows,1099.0
Dell,Ultrabook,13.3,8,1.29,0,0,1920,1080,165.6321180513006,256.0,0.0,0.0,0.0,Intel Core i5,Intel,Windows,1499.0
Dell,Notebook,15.6,8,2.06,1,0,3840,2160,282.42399616439724,256.0,0.0,0.0,0.0,Intel Core i5,Nvidia,Windows,1749.0
Dell,Netbook,11.6,4,1.63,0,0,1366,768,135.0942111925629,128.0,0.0,0.0,0.0,Intel Pentium Quad,Intel,Windows,744.0
HP,Netbook,12.5,8,1.26,0,0,1366,768,125.36742798669837,256.0,0.0,0.0,0.0,Intel Core i5,Intel,Windows,1389.0
Toshiba,Notebook,15.6,4,2.1,0,0,1366,768,100.45466986113651,0.0,500.0,0.0,0.0,Intel Core i5,Intel,Windows,780.0
HP,Notebook,15.6,8,2.04,0,0,1366,768,100.45466986113651,0.0,2000.0,0.0,0.0,Otro,AMD,Windows,629.0
Dell,Gaming,15.6,16,2.62,0,0,3840,2160,282.42399616439724,512.0,0.0,0.0,0.0,Intel Core i7,Nvidia,Windows,1679.0
Lenovo,Notebook,15.6,4,2.4,0,0,1920,1080,141.21199808219862,0.0,1000.0,0.0,0.0,Intel Core i5,Nvidia,Windows,609.0
HP,Gaming,17.3,12,3.74,0,1,1920,1080,127.33567457123111,0.0,1000.0,0.0,0.0,Intel Core i7,AMD,Windows,1749.0
MSI,Gaming,17.3,16,2.9,0,0,1920,1080,127.33567457123111,512.0,1000.0,0.0,0.0,Intel Core i7,Nvidia,Windows,2415.0
Samsung,Ultrabook,13.3,8,0.81,0,0,1920,1080,165.6321180513006,256.0,0.0,0.0,0.0,Intel Core i5,Intel,Windows,1499.0
Dell,Notebook,15.6,8,1.98,0,0,1920,1080,141.21199808219862,0.0,1000.0,0.0,0.0,Intel Core i7,Nvidia,Windows,961.0
Dell,Notebook,15.6,8,2.18,0,0,1920,1080,141.21199808219862,256.0,0.0,0.0,0.0,Intel Core i5,AMD,Windows,789.81
Lenovo,Ultrabook,14.0,8,1.32,0,0,1920,1080,157.3505121487356,256.0,0.0,0.0,0.0,Intel Core i7,Intel,Windows,1859.0
Razer,Ultrabook,12.5,16,1.29,1,1,3840,2160,352.4651472131677,512.0,0.0,0.0,0.0,Intel Core i7,Intel,Windows,1799.0
HP,Netbook,11.6,4,1.23,0,0,1366,768,135.0942111925629,0.0,0.0,16.0,0.0,Intel Celeron Dual,Intel,Otro,385.0
Dell,Gaming,17.3,16,4.36,0,1,1920,1080,127.33567457123111,128.0,1000.0,0.0,0.0,Intel Core i7,Nvidia,Windows,2505.02
Dell,Notebook,14.0,4,1.76,0,0,1366,768,111.93520355955211,0.0,500.0,0.0,0.0,Intel Core i5,Intel,Windows,755.0
Lenovo,Notebook,15.6,4,2.1,0,0,1366,768,100.45466986113651,0.0,500.0,0.0,0.0,Intel Core i3,Intel,Windows,489.9
Toshiba,Ultrabook,14.0,4,1.25,0,0,1366,768,111.93520355955211,128.0,0.0,0.0,0.0,Intel Core i5,Intel,Windows,1090.0
Lenovo,Ultrabook,14.0,8,1.13,0,1,1920,1080,157.3505121487356,512.0,0.0,0.0,0.0,Intel Core i7,Intel,Windows,2499.0
MSI,Gaming,15.6,8,2.4,0,0,1920,1080,141.21199808219862,256.0,0.0,0.0,0.0,Intel Core i5,Nvidia,Windows,1199.0
Lenovo,Ultrabook,14.0,8,1.13,0,1,1920,1080,157.3505121487356,0.0,0.0,256.0,0.0,Intel Core i5,Intel,Windows,1875.0
Toshiba,Notebook,14.0,4,1.75,0,0,1366,768,111.93520355955211,128.0,0.0,0.0,0.0,Otro,Intel,Windows,499.0
Asus,2 in 1 Convertible,13.3,8,1.1,1,0,1920,1080,165.6321180513006,256.0,0.0,0.0,0.0,Intel Core i5,Intel,Windows,1358.0
Dell,Notebook,14.0,4,1.76,0,0,1366,768,111.93520355955211,0.0,500.0,0.0,0.0,Intel Core i3,Intel,Windows,585.0
Acer,Netbook,11.6,4,1.35,0,1,1366,768,135.0942111925629,0.0,0.0,32.0,0.0,Intel Celeron Dual,Intel,Otro,355.0
Acer,Notebook,14.0,8,1.5,0,1,1920,1080,157.3505121487356,128.0,0.0,0.0,0.0,Intel Core i3,Intel,Windows,619.0
Razer,Gaming,17.3,32,3.49,1,0,3840,2160,254.67134914246222,512.0,0.0,0.0,0.0,Intel Core i7,Nvidia,Windows,5499.0
Lenovo,Ultrabook,14.0,16,1.1,0,1,2560,1440,209.8006828649808,512.0,0.0,0.0,0.0,Intel Core i7,Intel,Windows,2099.0
Asus,Notebook,15.6,4,2.1,0,0,1920,1080,141.21199808219862,0.0,1000.0,0.0,0.0,Intel Core i5,Nvidia,Linux,519.0
Lenovo,Notebook,14.0,8,1.7,0,0,1920,1080,157.3505121487356,256.0,0.0,0.0,0.0,Intel Core i5,Intel,Windows,1186.0
Lenovo,Notebook,14.0,8,1.32,0,1,1920,1080,157.3505121487356,256.0,0.0,0.0,0.0,Intel Core i5,Intel,Windows,1650.0
Dell,Gaming,15.6,16,3.21,0,0,1920,1080,141.21199808219862,256.0,1000.0,0.0,0.0,Intel Core i7,Nvidia,Windows,2774.63
Asus,Gaming,17.3,16,2.9,0,0,1920,1080,127.33567457123111,256.0,1000.0,0.0,0.0,Intel Core i7,Nvidia,Windows,2419.0
Toshiba,Notebook,15.6,4,2.0,0,0,1366,768,100.45466986113651,0.0,500.0,0.0,0.0,Intel Core i3,Intel,Windows,669.0
Lenovo,Notebook,14.0,4,1.5,0,0,1366,768,111.93520355955211,0.0,0.0,16.0,0.0,Otro,Intel,Otro,325.0
Asus,Notebook,15.6,8,2.3,0,0,1920,1080,141.21199808219862,0.0,128.0,0.0,0.0,Intel Core i5,Intel,Windows,590.0
Asus,Gaming,17.3,16,2.73,0,0,1920,1080,127.33567457123111,512.0,1000.0,0.0,0.0,Intel Core i7,Nvidia,Windows,1799.0
Dell,Gaming,17.3,32,4.42,0,1,1920,1080,127.33567457123111,512.0,1000.0,0.0,0.0,Intel Core i7,Nvidia,Windows,3072.89
HP,Notebook,17.3,8,2.63,0,0,1600,900,106.11306214269258,0.0,1000.0,0.0,0.0,Intel Core i5,Nvidia,Windows,910.0
Dell,Notebook,15.6,8,2.18,0,0,1366,768,100.45466986113651,128.0,0.0,0.0,0.0,Intel Core i5,Intel,Windows,713.99
HP,Ultrabook,14.0,8,1.54,0,0,1920,1080,157.3505121487356,512.0,0.0,0.0,0.0,Intel Core i7,Intel,Windows,1870.0
Dell,Notebook,15.6,4,2.18,0,0,1920,1080,141.21199808219862,256.0,0.0,0.0,0.0,Intel Core i7,AMD,Windows,739.0
HP,2 in 1 Convertible,11.6,4,1.4,1,0,1366,768,135.0942111925629,0.0,0.0,32.0,0.0,Intel Celeron Dual,Intel,Otro,615.0
Asus,Ultrabook,13.3,8,1.45,0,1,1920,1080,165.6321180513006,512.0,0.0,0.0,0.0,Intel Core i5,Nvidia,Windows,1026.0
HP,2 in 1 Convertible,13.3,8,1.28,1,0,1920,1080,165.6321180513006,256.0,0.0,0.0,0.0,Intel Core i5,Intel,Windows,2277.0
HP,Ultrabook,14.0,8,1.54,0,0,1920,1080,157.3505121487356,512.0,0.0,0.0,0.0,Intel Core i7,Intel,Windows,1468.0
HP,Notebook,15.6,4,1.86,0,0,1366,768,100.45466986113651,128.0,0.0,0.0,0.0,Intel Celeron Dual,Intel,Otro,299.0
Asus,Gaming,15.6,16,2.1,0,0,1920,1080,141.21199808219862,128.0,1000.0,0.0,0.0,Intel Core i7,Nvidia,Windows,1899.0
Dell,Notebook,17.3,8,2.83,0,0,1920,1080,127.33567457123111,0.0,1000.0,0.0,0.0,Intel Core i7,AMD,Linux,865.0
Lenovo,Ultrabook,14.0,8,1.96,0,1,1920,1080,157.3505121487356,256.0,0.0,0.0,0.0,Intel Core i7,Nvidia,Windows,1903.0
Asus,Notebook,15.6,8,2.3,0,1,1920,1080,141.21199808219862,256.0,0.0,0.0,0.0,Intel Core i7,Nvidia,Windows,787.0
Dell,Notebook,15.6,8,1.9,0,0,1920,1080,141.21199808219862,128.0,0.0,0.0,0.0,Intel Core i5,Intel,Windows,945.0
Asus,Notebook,15.6,4,2.0,0,0,1366,768,100.45466986113651,0.0,1000.0,0.0,0.0,Intel Pentium Quad,Intel,Windows,449.0
HP,2 in 1 Convertible,13.3,8,1.28,1,0,1920,1080,165.6321180513006,256.0,0.0,0.0,0.0,Intel Core i7,Intel,Windows,2559.0
Dell,Notebook,13.3,8,1.62,1,0,1920,1080,165.6321180513006,0.0,1000.0,0.0,0.0,Intel Core i5,Intel,Windows,649.0
Lenovo,Notebook,15.6,4,2.2,0,0,1920,1080,141.21199808219862,0.0,1000.0,0.0,0.0,Intel Core i3,Intel,Otro,469.0
Lenovo,Notebook,15.6,8,2.3,0,1,1920,1080,141.21199808219862,0.0,1000.0,0.0,0.0,Intel Core i5,Intel,Windows,850.66
HP,Notebook,15.6,8,1.84,0,0,1920,1080,141.21199808219862,256.0,0.0,0.0,0.0,Intel Core i5,AMD,Windows,1349.0
Toshiba,Notebook,13.3,4,1.05,0,0,1920,1080,165.6321180513006,128.0,0.0,0.0,0.0,Intel Core i5,Intel,Windows,1285.0
Lenovo,Gaming,15.6,8,2.5,0,1,1920,1080,141.21199808219862,0.0,1000.0,0.0,0.0,Intel Core i5,Nvidia,Otro,1017.0
Dell,Ultrabook,13.3,16,1.29,1,0,3200,1800,276.053530085501,512.0,0.0,0.0,0.0,Intel Core i7,Intel,Windows,2240.0
HP,Notebook,15.6,4,2.07,0,0,1920,1080,141.21199808219862,0.0,500.0,0.0,0.0,Intel Core i5,Intel,Windows,910.0
Toshiba,Ultrabook,13.3,8,1.2,0,0,1366,768,117.82653006268643,256.0,0.0,0.0,0.0,Intel Core i5,Intel,Windows,1095.0
Lenovo,2 in 1 Convertible,13.3,8,1.37,1,1,1920,1080,165.6321180513006,256.0,0.0,0.0,0.0,Intel Core i7,Intel,Windows,1950.0
Acer,Notebook,14.0,8,1.56,0,1,1920,1080,157.3505121487356,256.0,0.0,0.0,0.0,Intel Core i5,Intel,Windows,902.0
Dell,Workstation,15.6,8,2.23,0,0,1920,1080,141.21199808219862,0.0,1000.0,0.0,0.0,Intel Core i7,Nvidia,Windows,1778.0
Lenovo,Notebook,15.6,4,2.38,0,0,1366,768,100.45466986113651,0.0,500.0,0.0,0.0,Intel Core i5,Intel,Windows,1055.0
Lenovo,Notebook,15.6,4,2.2,0,0,1920,1080,141.21199808219862,0.0,1000.0,0.0,0.0,Intel Core i3,AMD,Otro,479.0
Toshiba,Notebook,15.6,8,2.0,0,1,1920,1080,141.21199808219862,256.0,0.0,0.0,0.0,Intel Core i7,Intel,Windows,1388.0
Lenovo,Notebook,13.3,4,1.44,0,1,1920,1080,165.6321180513006,180.0,0.0,0.0,0.0,Intel Core i3,Intel,Windows,735.0
Samsung,Ultrabook,15.0,16,1.23,0,0,1920,1080,146.86047800548656,256.0,0.0,0.0,0.0,Intel Core i7,Nvidia,Windows,1849.0
Dell,Ultrabook,12.5,8,1.6,0,0,1920,1080,176.23257360658386,256.0,0.0,0.0,0.0,Intel Core i7,Intel,Windows,1690.0
Asus,Notebook,15.6,4,2.0,0,0,1366,768,100.45466986113651,0.0,1000.0,0.0,0.0,Intel Pentium Quad,Intel,Linux,398.99
Xiaomi,Ultrabook,13.3,8,1.28,0,1,1920,1080,165.6321180513006,256.0,0.0,0.0,0.0,Intel Core i5,Nvidia,Windows,935.0
Dell,Notebook,15.6,4,2.18,0,0,1920,1080,141.21199808219862,128.0,1000.0,0.0,0.0,Intel Core i5,Nvidia,Windows,912.5
HP,Notebook,15.6,4,2.04,0,0,1920,1080,141.21199808219862,256.0,0.0,0.0,0.0,Intel Core i5,Intel,Windows,839.0
HP,2 in 1 Convertible,13.3,4,1.28,1,0,1920,1080,165.6321180513006,256.0,0.0,0.0,0.0,Intel Core i5,Intel,Windows,1700.0
HP,2 in 1 Convertible,15.6,4,2.3,1,0,1366,768,100.45466986113651,0.0,500.0,0.0,0.0,Intel Core i5,Intel,Windows,684.8
Asus,Notebook,14.1,4,1.65,0,0,1366,768,111.1413368676404,0.0,0.0,32.0,0.0,Intel Celeron Dual,Intel,Windows,348.0
Lenovo,Notebook,15.6,8,2.2,0,1,1920,1080,141.21199808219862,0.0,1000.0,0.0,0.0,Intel Core i7,Nvidia,Windows,669.0
Dell,Notebook,15.6,4,2.2,0,0,1366,768,100.45466986113651,0.0,500.0,0.0,0.0,Intel Pentium Quad,Intel,Windows,369.0
HP,2 in 1 Convertible,13.3,4,1.28,1,0,1920,1080,165.6321180513006,256.0,0.0,0.0,0.0,Intel Core i5,Intel,Windows,1799.0
Dell,Notebook,15.6,4,2.18,0,0,1366,768,100.45466986113651,0.0,1000.0,0.0,0.0,Intel Core i3,AMD,Linux,455.7
Asus,Gaming,17.3,12,2.2,0,0,1920,1080,127.33567457123111,128.0,1000.0,0.0,0.0,Intel Core i5,Nvidia,Windows,1369.9
Acer,Netbook,11.6,4,1.25,0,1,1366,768,135.0942111925629,0.0,0.0,32.0,0.0,Intel Celeron Dual,Intel,Otro,297.0
Lenovo,Notebook,17.3,4,2.8,0,0,1600,900,106.11306214269258,0.0,500.0,0.0,0.0,Otro,AMD,Windows,379.0
HP,Notebook,14.0,4,1.95,0,0,1920,1080,157.3505121487356,128.0,0.0,0.0,0.0,Intel Core i5,Intel,Windows,1265.0
HP,2 in 1 Convertible,13.3,16,1.42,1,0,3200,1800,276.053530085501,256.0,0.0,0.0,0.0,Intel Core i7,Intel,Windows,1399.0
Samsung,Ultrabook,15.0,8,1.17,0,0,1920,1080,146.86047800548656,256.0,0.0,0.0,0.0,Intel Core i7,Intel,Windows,1699.0
Lenovo,Ultrabook,14.0,8,1.32,0,1,1920,1080,157.3505121487356,256.0,0.0,0.0,0.0,Intel Core i5,Intel,Windows,1799.0
MSI,Gaming,17.3,16,2.43,0,1,3840,2160,254.67134914246222,512.0,2000.0,0.0,0.0,Intel Core i7,Nvidia,Windows,2649.0
Toshiba,Notebook,13.3,8,1.05,0,0,1920,1080,165.6321180513006,256.0,0.0,0.0,0.0,Intel Core i5,Intel,Windows,1475.0
Dell,Gaming,15.6,8,2.62,0,0,1920,1080,141.21199808219862,0.0,1000.0,0.0,0.0,Intel Core i7,Nvidia,Linux,929.0
HP,Notebook,15.6,8,2.04,0,0,1920,1080,141.21199808219862,0.0,1000.0,0.0,0.0,Intel Core i7,Nvidia,Windows,900.0
Dell,Notebook,15.6,4,2.18,0,0,1366,768,100.45466986113651,0.0,1000.0,0.0,0.0,Intel Core i3,AMD,Windows,614.0
Dell,Notebook,15.6,8,1.9,0,0,1920,1080,141.21199808219862,0.0,500.0,0.0,0.0,Intel Core i5,Intel,Windows,935.0
Dell,2 in 1 Convertible,13.3,8,1.24,1,0,3200,1800,276.053530085501,512.0,0.0,0.0,0.0,Intel Core i7,Intel,Windows,2013.1
Asus,Gaming,17.3,32,3.58,0,1,1920,1080,127.33567457123111,512.0,0.0,0.0,0.0,Intel Core i7,Nvidia,Windows,1279.0
Dell,2 in 1 Convertible,13.3,16,1.22,1,0,1920,1080,165.6321180513006,256.0,0.0,0.0,0.0,Intel Core i7,Intel,Windows,1649.0
Lenovo,Ultrabook,14.0,8,1.13,0,1,1920,1080,157.3505121487356,0.0,0.0,256.0,0.0,Intel Core i7,Intel,Windows,2049.0
Lenovo,Notebook,15.6,8,1.95,0,1,1920,1080,141.21199808219862,512.0,0.0,0.0,0.0,Intel Core i5,Intel,Windows,1962.99
LG,Ultrabook,15.6,16,1.08,1,1,1920,1080,141.21199808219862,512.0,0.0,0.0,0.0,Intel Core i7,Intel,Windows,2099.0
HP,Netbook,12.5,8,1.26,0,0,1920,1080,176.23257360658386,512.0,0.0,0.0,0.0,Intel Core i7,Intel,Windows,1483.0
Acer,Notebook,15.6,4,2.2,0,1,1920,1080,141.21199808219862,0.0,0.0,16.0,0.0,Intel Celeron Dual,Intel,Otro,359.0
Lenovo,Notebook,15.6,8,2.6,0,1,1920,1080,141.21199808219862,128.0,1000.0,0.0,0.0,Intel Core i5,Nvidia,Windows,789.0
LG,Ultrabook,14.0,8,0.98,1,1,1920,1080,157.3505121487356,512.0,0.0,0.0,0.0,Intel Core i7,Intel,Windows,1899.0
Dell,Notebook,14.0,8,1.6,0,0,1920,1080,157.3505121487356,256.0,0.0,0.0,0.0,Intel Core i5,Intel,Windows,1205.0
HP,Ultrabook,12.5,8,1.09,1,0,3840,2160,352.4651472131677,240.0,0.0,0.0,0.0,Intel Core M,Intel,Windows,3100.0
Lenovo,Notebook,15.6,6,2.2,0,0,1920,1080,141.21199808219862,256.0,0.0,0.0,0.0,Intel Core i7,Nvidia,Windows,789.0
HP,Notebook,15.6,8,2.04,0,0,1920,1080,141.21199808219862,256.0,0.0,0.0,0.0,Intel Core i7,Nvidia,Windows,1018.99
Acer,Notebook,15.6,4,2.4,0,0,1920,1080,141.21199808219862,0.0,1000.0,0.0,0.0,Intel Core i3,Intel,Windows,499.0
Lenovo,Notebook,13.3,4,1.44,0,0,1920,1080,165.6321180513006,128.0,0.0,0.0,0.0,Intel Core i5,Intel,Windows,881.0
HP,Notebook,13.3,8,1.49,0,0,1920,1080,165.6321180513006,256.0,0.0,0.0,0.0,Intel Core i5,Intel,Windows,960.0
MSI,Gaming,17.3,16,2.7,0,0,1920,1080,127.33567457123111,256.0,1000.0,0.0,0.0,Intel Core i7,Nvidia,Windows,1599.0
Dell,Gaming,15.6,16,2.6,0,0,1920,1080,141.21199808219862,128.0,1000.0,0.0,0.0,Intel Core i7,Nvidia,Windows,1349.0
MSI,Gaming,15.6,8,2.2,0,0,1920,1080,141.21199808219862,128.0,1000.0,0.0,0.0,Intel Core i5,Nvidia,Windows,1119.91
Dell,Notebook,15.6,4,2.18,0,0,1366,768,100.45466986113651,0.0,1000.0,0.0,0.0,Intel Core i5,AMD,Windows,684.99
HP,Ultrabook,15.6,8,1.84,0,0,1920,1080,141.21199808219862,256.0,0.0,0.0,0.0,Intel Core i7,AMD,Windows,1296.99
HP,Ultrabook,13.3,8,1.39,1,0,3200,1800,276.053530085501,256.0,0.0,0.0,0.0,Intel Core i7,Intel,Windows,1149.0
Toshiba,Notebook,15.6,16,2.4,0,1,1920,1080,141.21199808219862,256.0,0.0,0.0,0.0,Intel Core i7,Nvidia,Windows,1975.0
Lenovo,2 in 1 Convertible,13.3,8,1.37,1,1,1920,1080,165.6321180513006,512.0,0.0,0.0,0.0,Intel Core i5,Intel,Windows,1825.0
Dell,Notebook,15.6,4,1.95,0,0,1366,768,100.45466986113651,0.0,500.0,0.0,0.0,Intel Core i5,Intel,Windows,729.9
Lenovo,Ultrabook,12.5,8,1.36,0,1,1920,1080,176.23257360658386,256.0,0.0,0.0,0.0,Intel Core i7,Intel,Windows,1650.0
HP,Notebook,15.6,8,2.31,0,0,1920,1080,141.21199808219862,256.0,0.0,0.0,0.0,Intel Core i5,Intel,Windows,1165.0
Dell,Notebook,15.6,4,2.18,0,0,1366,768,100.45466986113651,0.0,1000.0,0.0,0.0,Intel Core i5,Intel,Windows,708.06
HP,Notebook,14.0,4,1.95,0,0,1366,768,111.93520355955211,0.0,500.0,0.0,0.0,Intel Core i5,Intel,Windows,1149.0
Lenovo,Notebook,15.6,4,2.2,0,0,1366,768,100.45466986113651,0.0,1000.0,0.0,0.0,Intel Pentium Quad,Intel,Windows,309.0
HP,Ultrabook,12.5,4,1.26,0,0,1920,1080,176.23257360658386,0.0,500.0,0.0,0.0,Intel Core i5,Intel,Windows,1579.0
HP,Notebook,15.6,4,1.86,0,0,1366,768,100.45466986113651,0.0,1000.0,0.0,0.0,Intel Celeron Dual,Intel,Otro,288.9
Lenovo,2 in 1 Convertible,13.3,16,1.3,1,1,3200,1800,276.053530085501,1000.0,0.0,0.0,0.0,Intel Core i7,Intel,Windows,1799.0
Toshiba,Notebook,14.0,4,1.47,0,1,1920,1080,157.3505121487356,128.0,0.0,0.0,0.0,Intel Core i5,Intel,Windows,1105.0
HP,Netbook,12.5,8,1.26,0,0,1920,1080,176.23257360658386,256.0,0.0,0.0,0.0,Intel Core i5,Intel,Windows,1669.0
Dell,Notebook,15.6,4,2.18,0,0,1366,768,100.45466986113651,0.0,1000.0,0.0,0.0,Intel Core i3,Intel,Windows,558.6
MSI,Gaming,15.6,8,2.2,0,0,1920,1080,141.21199808219862,128.0,1000.0,0.0,0.0,Intel Core i7,Nvidia,Windows,1199.0
Dell,Ultrabook,14.0,8,1.36,0,0,1920,1080,157.3505121487356,256.0,0.0,0.0,0.0,Intel Core i5,Intel,Windows,1639.0
Dell,Gaming,17.3,16,4.36,0,0,2560,1440,169.78089942830815,512.0,1000.0,0.0,0.0,Intel Core i7,Nvidia,Windows,2758.0
HP,Gaming,17.3,8,2.75,0,1,1920,1080,127.33567457123111,128.0,1000.0,0.0,0.0,Intel Core i5,Nvidia,Windows,1399.0
Asus,Notebook,17.3,4,2.8,0,0,1600,900,106.11306214269258,0.0,1000.0,0.0,0.0,Intel Pentium Quad,Nvidia,Windows,530.0
Acer,Notebook,15.6,4,2.23,0,0,1366,768,100.45466986113651,0.0,500.0,0.0,0.0,Intel Core i5,Intel,Windows,619.0
Toshiba,Notebook,15.6,8,2.2,0,0,1366,768,100.45466986113651,256.0,0.0,0.0,0.0,Intel Core i5,Intel,Windows,1119.0
Lenovo,2 in 1 Convertible,11.3,8,1.1,1,1,1920,1080,194.94753717542463,256.0,0.0,0.0,0.0,Intel Core M,Intel,Windows,1299.0
Lenovo,Gaming,15.6,16,2.5,0,1,1920,1080,141.21199808219862,512.0,1000.0,0.0,0.0,Otro,AMD,Windows,999.0
Dell,Ultrabook,12.5,8,1.36,1,0,1920,1080,176.23257360658386,256.0,0.0,0.0,0.0,Intel Core i5,Intel,Windows,1472.2
Lenovo,Notebook,15.6,8,2.2,0,0,1920,1080,141.21199808219862,0.0,1000.0,0.0,0.0,Intel Core i7,Nvidia,Otro,685.0
Dell,Notebook,17.3,4,2.36,0,0,1600,900,106.11306214269258,0.0,1000.0,0.0,0.0,Intel Core i3,AMD,Windows,659.0
Acer,Notebook,14.0,4,1.68,0,0,1366,768,111.93520355955211,0.0,0.0,32.0,0.0,Intel Celeron Dual,Intel,Otro,349.0
HP,Workstation,15.6,8,2.0,0,1,1920,1080,141.21199808219862,8.0,0.0,0.0,0.0,Intel Core i7,Nvidia,Windows,2249.0
Dell,Ultrabook,14.0,8,1.36,0,0,1920,1080,157.3505121487356,256.0,0.0,0.0,0.0,Intel Core i7,Intel,Windows,1775.0
Toshiba,Notebook,13.3,8,1.2,0,0,1920,1080,165.6321180513006,256.0,0.0,0.0,0.0,Intel Core i5,Intel,Windows,1460.0
Asus,2 in 1 Convertible,12.5,8,1.2,0,0,1920,1080,176.23257360658386,0.0,0.0,64.0,0.0,Intel Core M,Intel,Otro,1159.0
Lenovo,Ultrabook,14.0,8,1.7,0,1,1920,1080,157.3505121487356,256.0,0.0,0.0,0.0,Intel Core i7,Intel,Windows,1488.99
Dell,Gaming,17.3,16,4.36,0,1,3840,2160,254.67134914246222,512.0,1000.0,0.0,0.0,Intel Core i7,Nvidia,Windows,3154.0
Dell,2 in 1 Convertible,13.3,8,1.24,1,0,1920,1080,165.6321180513006,256.0,0.0,0.0,0.0,Intel Core i5,Intel,Windows,1899.0
HP,2 in 1 Convertible,11.6,4,1.45,1,0,1366,768,135.0942111925629,256.0,0.0,0.0,0.0,Intel Pentium Quad,Intel,Windows,775.0
Dell,Ultrabook,13.3,8,1.3,0,0,3200,1800,276.053530085501,256.0,0.0,0.0,0.0,Intel Core i7,Intel,Windows,1268.0
Acer,2 in 1 Convertible,11.6,4,1.25,1,1,1366,768,135.0942111925629,0.0,0.0,32.0,0.0,Intel Celeron Dual,Intel,Otro,389.0
Toshiba,Notebook,13.3,8,1.2,0,0,1920,1080,165.6321180513006,256.0,0.0,0.0,0.0,Intel Core i5,Intel,Windows,1535.0
Lenovo,Ultrabook,12.5,8,1.36,0,1,1920,1080,176.23257360658386,256.0,0.0,0.0,0.0,Intel Core i5,Intel,Windows,1760.0
Acer,Notebook,15.6,12,2.4,0,0,1920,1080,141.21199808219862,128.0,1000.0,0.0,0.0,Intel Core i5,Nvidia,Windows,1009.0
Toshiba,Ultrabook,12.5,8,1.1,1,0,1920,1080,176.23257360658386,512.0,0.0,0.0,0.0,Intel Core i7,Intel,Windows,1790.0
HP,Notebook,15.6,8,2.04,0,0,1366,768,100.45466986113651,0.0,1000.0,0.0,0.0,Intel Core i5,Nvidia,Windows,846.5
Dell,Notebook,15.6,4,2.25,0,0,1366,768,100.45466986113651,0.0,1000.0,0.0,0.0,Intel Core i3,AMD,Linux,465.62
Dell,Notebook,15.6,4,1.9,0,0,1366,768,100.45466986113651,0.0,500.0,0.0,0.0,Intel Core i5,Intel,Windows,825.0
HP,Notebook,15.6,4,2.04,0,0,1920,1080,141.21199808219862,0.0,500.0,0.0,0.0,Intel Core i3,Intel,Windows,685.0
Dell,Gaming,17.3,32,4.42,0,1,1920,1080,127.33567457123111,256.0,1000.0,0.0,0.0,Intel Core i7,Nvidia,Windows,3149.0
Lenovo,Notebook,15.6,6,2.4,0,0,1920,1080,141.21199808219862,256.0,0.0,0.0,0.0,Intel Core i5,Nvidia,Windows,695.0
Dell,2 in 1 Convertible,13.3,16,1.22,1,0,3200,1800,276.053530085501,512.0,0.0,0.0,0.0,Intel Core i7,Intel,Windows,1899.0
Dell,Ultrabook,14.0,8,1.5,1,0,2560,1440,209.8006828649808,256.0,0.0,0.0,0.0,Intel Core i7,Intel,Windows,1962.98
Dell,Gaming,17.3,32,4.42,0,0,1920,1080,127.33567457123111,256.0,1000.0,0.0,0.0,Intel Core i7,Nvidia,Windows,2800.0
Toshiba,Notebook,14.0,8,1.95,0,0,1920,1080,157.3505121487356,256.0,0.0,0.0,0.0,Intel Core i5,Intel,Windows,1180.0
Asus,Gaming,17.3,16,2.73,0,0,1920,1080,127.33567457123111,256.0,1000.0,0.0,0.0,Intel Core i7,Nvidia,Windows,2049.9
HP,Notebook,15.6,8,2.04,0,1,1920,1080,141.21199808219862,128.0,1000.0,0.0,0.0,Intel Core i5,Nvidia,Windows,979.0
Lenovo,Notebook,14.0,4,1.7,0,0,1366,768,111.93520355955211,0.0,0.0,0.0,508.0,Intel Core i5,Intel,Windows,1002.0
Asus,2 in 1 Convertible,15.6,16,2.3,1,0,3840,2160,282.42399616439724,512.0,2000.0,0.0,0.0,Intel Core i7,Nvidia,Windows,1799.0
HP,Notebook,15.6,6,2.04,0,0,1366,768,100.45466986113651,0.0,1000.0,0.0,0.0,Intel Core i7,Intel,Windows,579.0
Asus,Gaming,17.3,16,2.99,0,0,1920,1080,127.33567457123111,256.0,1000.0,0.0,0.0,Intel Core i7,Nvidia,Windows,1749.0
Dell,2 in 1 Convertible,15.6,12,2.19,1,1,1920,1080,141.21199808219862,512.0,0.0,0.0,0.0,Intel Core i7,Intel,Windows,1299.0
Toshiba,Notebook,13.3,4,1.2,0,0,1920,1080,165.6321180513006,128.0,0.0,0.0,0.0,Intel Core i5,Intel,Windows,1195.0
Lenovo,Notebook,15.6,6,2.2,0,0,1920,1080,141.21199808219862,256.0,0.0,0.0,0.0,Otro,AMD,Windows,549.0
Fujitsu,Notebook,15.6,4,2.3,0,0,1366,768,100.45466986113651,256.0,0.0,0.0,0.0,Intel Core i5,Intel,Windows,649.0
Toshiba,Notebook,14.0,4,1.75,0,0,1366,768,111.93520355955211,0.0,500.0,0.0,0.0,Intel Core i5,Intel,Windows,915.0
Dell,Notebook,15.6,4,2.25,0,0,1366,768,100.45466986113651,0.0,500.0,0.0,0.0,Intel Core i5,AMD,Windows,599.0
HP,Notebook,15.6,8,2.04,0,0,1920,1080,141.21199808219862,0.0,1000.0,0.0,0.0,Intel Core i5,Intel,Windows,806.0
Lenovo,Gaming,15.6,8,2.5,0,1,1920,1080,141.21199808219862,128.0,1000.0,0.0,0.0,Intel Core i7,Nvidia,Windows,1189.0
Dell,Notebook,15.6,8,2.36,0,0,1366,768,100.45466986113651,0.0,1000.0,0.0,0.0,Intel Core i7,AMD,Windows,749.0
Dell,Notebook,14.0,8,1.6,0,0,1920,1080,157.3505121487356,128.0,0.0,0.0,0.0,Intel Core i5,Intel,Windows,1119.0
HP,Netbook,12.5,8,0.97,0,0,1920,1080,176.23257360658386,512.0,0.0,0.0,0.0,Intel Core M,Intel,Windows,1908.0
HP,Notebook,15.6,4,2.1,0,0,1920,1080,141.21199808219862,128.0,1000.0,0.0,0.0,Intel Core i3,AMD,Windows,499.0
Lenovo,Notebook,15.6,4,1.9,0,0,1366,768,100.45466986113651,128.0,0.0,0.0,0.0,Intel Celeron Dual,Intel,Otro,270.62
Lenovo,Notebook,15.6,8,2.3,0,0,1920,1080,141.21199808219862,256.0,0.0,0.0,0.0,Intel Core i5,Intel,Windows,1349.0
Dell,2 in 1 Convertible,13.3,8,1.68,1,0,1920,1080,165.6321180513006,256.0,0.0,0.0,0.0,Intel Core i5,Intel,Windows,889.0
Asus,Notebook,13.3,8,1.4,0,0,3200,1800,276.053530085501,256.0,0.0,0.0,0.0,Intel Core i5,Intel,Windows,1150.0
HP,Ultrabook,13.3,8,1.11,1,1,1920,1080,165.6321180513006,256.0,0.0,0.0,0.0,Intel Core i7,Intel,Windows,1349.0
Acer,Notebook,15.6,4,2.4,0,0,1366,768,100.45466986113651,0.0,500.0,0.0,0.0,Intel Pentium Quad,Intel,Windows,380.0
Asus,Gaming,15.6,16,2.5,0,0,1920,1080,141.21199808219862,256.0,1000.0,0.0,0.0,Intel Core i7,Nvidia,Windows,1799.0
HP,Ultrabook,14.0,8,1.48,0,0,1920,1080,157.3505121487356,512.0,0.0,0.0,0.0,Intel Core i7,Intel,Windows,2089.0
Acer,Gaming,15.6,8,2.7,0,1,1920,1080,141.21199808219862,128.0,1000.0,0.0,0.0,Intel Core i7,Nvidia,Windows,1260.0
HP,Notebook,13.3,8,1.34,0,1,1920,1080,165.6321180513006,256.0,0.0,0.0,0.0,Intel Core i5,Intel,Windows,1189.0
Dell,Notebook,15.6,4,2.18,0,0,1366,768,100.45466986113651,128.0,0.0,0.0,0.0,Intel Core i3,Intel,Windows,547.0
HP,Notebook,14.0,4,1.64,0,0,1366,768,111.93520355955211,0.0,500.0,0.0,0.0,Intel Core i5,Intel,Windows,779.0
Toshiba,Notebook,13.3,4,1.2,0,0,1920,1080,165.6321180513006,128.0,0.0,0.0,0.0,Intel Core i5,Intel,Windows,1195.0
HP,Notebook,14.0,4,1.48,0,0,1366,768,111.93520355955211,256.0,0.0,0.0,0.0,Intel Core i5,Intel,Windows,1099.99
HP,Notebook,14.0,4,1.95,0,0,1920,1080,157.3505121487356,256.0,0.0,0.0,0.0,Intel Core i5,Intel,Windows,1205.0
HP,Ultrabook,14.0,8,1.43,0,0,1920,1080,157.3505121487356,256.0,0.0,0.0,0.0,Intel Core i7,Intel,Windows,1449.0
HP,Notebook,14.0,8,1.64,0,0,1920,1080,157.3505121487356,256.0,0.0,0.0,0.0,Intel Core i5,Nvidia,Windows,1049.26
HP,Notebook,14.0,4,1.64,0,0,1366,768,111.93520355955211,0.0,500.0,0.0,0.0,Intel Core i3,Intel,Windows,684.0
Dell,Gaming,15.6,8,2.65,0,0,1920,1080,141.21199808219862,0.0,0.0,0.0,1000.0,Intel Core i5,Nvidia,Windows,949.0
HP,Ultrabook,12.5,4,1.26,0,0,1920,1080,176.23257360658386,0.0,500.0,0.0,0.0,Intel Core i5,Intel,Windows,1539.0
HP,Notebook,14.0,4,1.48,0,0,1920,1080,157.3505121487356,256.0,0.0,0.0,0.0,Intel Core i5,Intel,Windows,1590.0
HP,Ultrabook,14.0,8,1.54,0,0,1920,1080,157.3505121487356,256.0,0.0,0.0,0.0,Intel Core i7,Intel,Windows,1887.21
HP,Notebook,13.3,4,1.49,0,0,1366,768,117.82653006268643,0.0,500.0,0.0,0.0,Intel Core i3,Intel,Windows,800.0
Toshiba,Notebook,13.3,8,1.5,0,0,1366,768,117.82653006268643,256.0,0.0,0.0,0.0,Intel Core i5,Intel,Windows,1210.0
HP,Notebook,15.6,4,2.04,0,0,1366,768,100.45466986113651,256.0,0.0,0.0,0.0,Intel Core i3,Intel,Windows,769.99
Lenovo,Notebook,17.3,16,2.4,0,1,3840,2160,254.67134914246222,512.0,0.0,0.0,0.0,Intel Core i7,Nvidia,Windows,2968.0
Toshiba,Notebook,14.0,8,1.47,0,1,1920,1080,157.3505121487356,256.0,0.0,0.0,0.0,Intel Core i5,Intel,Windows,1490.0
HP,Notebook,14.0,8,1.43,0,0,1920,1080,157.3505121487356,256.0,0.0,0.0,0.0,Intel Core i7,Intel,Windows,2229.0
Dell,2 in 1 Convertible,15.6,4,2.08,1,1,1920,1080,141.21199808219862,0.0,1000.0,0.0,0.0,Intel Core i3,Intel,Windows,795.99
Toshiba,Ultrabook,13.3,8,1.2,0,0,1920,1080,165.6321180513006,256.0,0.0,0.0,0.0,Intel Core i5,Intel,Windows,1590.0
HP,Notebook,13.3,8,1.11,0,1,1920,1080,165.6321180513006,256.0,0.0,0.0,0.0,Intel Core i5,Intel,Windows,1149.0
HP,Notebook,14.0,8,1.64,0,0,1920,1080,157.3505121487356,256.0,0.0,0.0,0.0,Intel Core i7,Nvidia,Windows,1185.43
Dell,Notebook,15.6,8,2.09,0,0,1920,1080,141.21199808219862,0.0,500.0,0.0,0.0,Intel Core i5,Intel,Windows,1046.44
HP,Ultrabook,12.5,4,1.26,0,0,1366,768,125.36742798669837,256.0,0.0,0.0,0.0,Intel Core i5,Intel,Windows,1559.0
HP,Notebook,14.0,4,2.31,0,0,1366,768,111.93520355955211,0.0,500.0,0.0,0.0,Intel Core i5,Intel,Windows,1189.0
HP,Notebook,14.0,4,1.95,0,0,1366,768,111.93520355955211,0.0,500.0,0.0,0.0,Intel Core i5,Intel,Windows,1060.0
Dell,Ultrabook,13.3,8,1.29,1,0,3200,1800,276.053530085501,256.0,0.0,0.0,0.0,Intel Core i5,Intel,Windows,1624.0
HP,Notebook,17.3,8,2.63,0,0,1920,1080,127.33567457123111,256.0,0.0,0.0,0.0,Intel Core i5,Nvidia,Windows,1080.0
HP,Notebook,14.0,4,1.64,0,0,1366,768,111.93520355955211,256.0,0.0,0.0,0.0,Intel Core i5,Intel,Windows,973.0
Acer,Notebook,15.6,6,2.1,0,0,1366,768,100.45466986113651,0.0,1000.0,0.0,0.0,AMD A9-Series 9420,AMD,Windows,409.0
MSI,Gaming,17.3,8,2.7,0,0,1920,1080,127.33567457123111,128.0,1000.0,0.0,0.0,Intel Core i7,Nvidia,Windows,1191.8
HP,Notebook,14.0,8,1.95,0,0,1920,1080,157.3505121487356,256.0,0.0,0.0,0.0,Intel Core i5,Intel,Windows,1195.0
HP,Notebook,15.6,8,1.84,0,0,1920,1080,141.21199808219862,256.0,0.0,0.0,0.0,Intel Core i7,Intel,Windows,1228.99
HP,Ultrabook,12.5,8,1.26,0,0,1920,1080,176.23257360658386,256.0,0.0,0.0,0.0,Intel Core i7,Intel,Windows,1349.0
HP,Notebook,15.6,4,2.04,0,0,1366,768,100.45466986113651,0.0,500.0,0.0,0.0,Intel Core i5,Intel,Windows,742.0
Toshiba,Ultrabook,14.0,8,1.47,0,1,1920,1080,157.3505121487356,256.0,0.0,0.0,0.0,Intel Core i7,Intel,Windows,1725.0
Dell,Notebook,15.6,8,2.09,0,0,1920,1080,141.21199808219862,256.0,0.0,0.0,0.0,Intel Core i5,Intel,Windows,1062.95
HP,Notebook,14.0,8,1.64,0,0,1920,1080,157.3505121487356,256.0,0.0,0.0,0.0,Intel Core i5,Intel,Windows,1010.51
Lenovo,2 in 1 Convertible,15.6,4,1.8,1,1,1920,1080,141.21199808219862,256.0,0.0,0.0,0.0,Intel Core i7,Intel,Windows,847.0
Vero,Notebook,14.0,2,1.45,0,0,1366,768,111.93520355955211,0.0,0.0,32.0,0.0,Otro,Intel,Windows,210.8
Toshiba,Notebook,15.6,16,2.4,0,1,1920,1080,141.21199808219862,256.0,0.0,0.0,0.0,Intel Core i7,Nvidia,Windows,1425.0
Lenovo,Notebook,15.6,8,2.3,0,0,1920,1080,141.21199808219862,256.0,0.0,0.0,0.0,Intel Core i5,Intel,Windows,1049.6
HP,Notebook,14.0,4,1.54,0,0,1920,1080,157.3505121487356,0.0,500.0,0.0,0.0,Intel Core i5,Intel,Windows,1000.0
HP,Notebook,15.6,8,1.84,0,0,1920,1080,141.21199808219862,256.0,500.0,0.0,0.0,Intel Core i5,Intel,Windows,2103.34
HP,Notebook,14.0,8,1.43,0,0,1920,1080,157.3505121487356,256.0,0.0,0.0,0.0,Intel Core i5,Intel,Windows,1469.0
MSI,Gaming,17.3,16,3.78,0,1,1920,1080,127.33567457123111,256.0,1000.0,0.0,0.0,Intel Core i7,Nvidia,Windows,1545.64
Lenovo,Gaming,17.3,16,4.6,0,1,1920,1080,127.33567457123111,128.0,1000.0,0.0,0.0,Intel Core i7,Nvidia,Windows,2289.99
Asus,Netbook,11.6,4,1.2,0,0,1366,768,135.0942111925629,0.0,0.0,16.0,0.0,Intel Celeron Dual,Intel,Otro,287.9
Lenovo,Notebook,14.0,16,1.1,0,1,2560,1440,209.8006828649808,256.0,0.0,0.0,0.0,Intel Core i7,Intel,Windows,2620.0
HP,Notebook,15.6,8,1.91,0,1,1920,1080,141.21199808219862,0.0,1000.0,0.0,0.0,Intel Core i7,Nvidia,Windows,979.0
Dell,2 in 1 Convertible,15.6,8,2.3,1,1,1920,1080,141.21199808219862,256.0,0.0,0.0,0.0,Intel Core i5,Intel,Windows,1094.0
HP,Notebook,15.6,4,2.04,0,0,1366,768,100.45466986113651,256.0,0.0,0.0,0.0,Intel Core i5,Intel,Windows,979.0
Dell,Ultrabook,13.3,16,1.2,1,0,3200,1800,276.053530085501,1000.0,0.0,0.0,0.0,Intel Core i7,Intel,Windows,2254.0
HP,Notebook,15.6,4,2.31,0,0,1366,768,100.45466986113651,0.0,500.0,0.0,0.0,Intel Core i3,Intel,Windows,705.15
HP,Notebook,15.6,4,1.96,0,0,1366,768,100.45466986113651,0.0,500.0,0.0,0.0,Intel Core i5,Intel,Otro,499.0
Acer,Notebook,15.6,8,2.4,0,0,1366,768,100.45466986113651,0.0,1000.0,0.0,0.0,Otro,AMD,Windows,449.0
Dell,2 in 1 Convertible,13.3,12,1.6,1,1,1920,1080,165.6321180513006,256.0,0.0,0.0,0.0,Intel Core i7,Intel,Windows,1299.0
MSI,Gaming,15.6,16,2.94,0,0,1920,1080,141.21199808219862,256.0,1000.0,0.0,0.0,Intel Core i7,Nvidia,Windows,1819.0
HP,Notebook,15.6,8,2.04,0,0,1920,1080,141.21199808219862,256.0,0.0,0.0,0.0,Intel Core i7,Intel,Windows,1070.0
Asus,Gaming,17.3,16,4.0,0,1,1920,1080,127.33567457123111,0.0,1000.0,0.0,0.0,Intel Core i7,Nvidia,Otro,998.0
Dell,Notebook,15.6,4,2.25,0,0,1920,1080,141.21199808219862,0.0,1000.0,0.0,0.0,Intel Core i5,Intel,Windows,559.0
Dell,Notebook,15.6,16,2.32,0,0,1920,1080,141.21199808219862,0.0,2000.0,0.0,0.0,Intel Core i7,AMD,Windows,989.99
MSI,Gaming,15.6,16,1.8,0,0,1920,1080,141.21199808219862,256.0,1000.0,0.0,0.0,Intel Core i7,Nvidia,Windows,1929.0
Dell,Ultrabook,13.3,8,1.29,0,0,1920,1080,165.6321180513006,256.0,0.0,0.0,0.0,Intel Core i7,Intel,Windows,1458.0
Asus,Gaming,17.3,64,3.58,0,1,1920,1080,127.33567457123111,1000.0,0.0,0.0,0.0,Intel Core i7,Nvidia,Windows,3975.0
Dell,2 in 1 Convertible,13.3,8,1.62,1,0,1920,1080,165.6321180513006,256.0,0.0,0.0,0.0,Intel Core i7,Intel,Windows,798.01
Dell,Gaming,15.6,16,3.21,0,0,3840,2160,282.42399616439724,256.0,1000.0,0.0,0.0,Intel Core i7,Nvidia,Windows,1329.0
Apple,Ultrabook,12.0,8,0.92,0,1,2304,1440,226.41554716935852,0.0,0.0,256.0,0.0,Intel Core M,Intel,Mac,1300.0
Dell,Notebook,15.6,4,2.06,0,0,1366,768,100.45466986113651,0.0,500.0,0.0,0.0,Intel Core i3,Intel,Windows,481.98
HP,Notebook,15.6,4,2.31,0,0,1366,768,100.45466986113651,0.0,500.0,0.0,0.0,Intel Core i5,Intel,Windows,1199.0
HP,Ultrabook,12.5,8,1.26,0,0,1920,1080,176.23257360658386,256.0,0.0,0.0,0.0,Intel Core i5,Intel,Windows,1199.0
HP,Notebook,13.3,8,1.49,0,0,1920,1080,165.6321180513006,256.0,0.0,0.0,0.0,Intel Core i7,Intel,Windows,1090.0
Lenovo,Ultrabook,12.5,8,1.3,1,1,1920,1080,176.23257360658386,256.0,0.0,0.0,0.0,Intel Core i7,Intel,Windows,1713.49
Lenovo,Notebook,17.3,8,3.0,0,0,1600,900,106.11306214269258,0.0,1000.0,0.0,0.0,Intel Core i5,AMD,Windows,659.0
Lenovo,Notebook,15.6,4,2.3,0,1,1920,1080,141.21199808219862,0.0,1000.0,0.0,0.0,Intel Core i5,Nvidia,Windows,977.0
MSI,Gaming,17.3,16,3.78,0,0,1920,1080,127.33567457123111,256.0,1000.0,0.0,0.0,Intel Core i7,Nvidia,Windows,2499.0
Lenovo,Notebook,15.6,4,2.1,0,0,1366,768,100.45466986113651,0.0,500.0,0.0,0.0,Intel Core i5,Intel,Windows,540.0
HP,Notebook,15.6,4,2.31,0,0,1920,1080,141.21199808219862,0.0,500.0,0.0,0.0,Intel Core i5,Intel,Windows,940.0
Lenovo,Ultrabook,12.5,8,0.99,1,1,2560,1440,234.9767648087785,512.0,0.0,0.0,0.0,Intel Core M,Intel,Windows,1399.0
Lenovo,Gaming,17.3,32,4.6,0,1,1920,1080,127.33567457123111,512.0,0.0,0.0,1000.0,Intel Core i7,Nvidia,Windows,3240.0
Lenovo,2 in 1 Convertible,10.1,4,0.69,1,1,1920,1200,224.17380907857276,0.0,0.0,64.0,0.0,Otro,Intel,Windows,646.27
HP,Ultrabook,13.3,16,1.3,0,1,3840,2160,331.2642361026012,512.0,0.0,0.0,0.0,Intel Core i7,Intel,Windows,2049.0
Dell,Notebook,15.6,8,2.18,0,0,1920,1080,141.21199808219862,256.0,0.0,0.0,0.0,Intel Core i5,Intel,Windows,750.0
HP,Notebook,14.0,4,1.54,0,0,1920,1080,157.3505121487356,0.0,500.0,0.0,0.0,Intel Core i5,Intel,Windows,1030.99
HP,Workstation,15.6,8,1.9,0,0,1920,1080,141.21199808219862,256.0,0.0,0.0,0.0,Intel Core i7,AMD,Windows,1495.0
Lenovo,Notebook,14.0,8,1.7,0,0,1920,1080,157.3505121487356,180.0,0.0,0.0,0.0,Intel Core i5,Intel,Windows,1199.0
HP,Notebook,13.3,4,1.29,0,0,3200,1800,276.053530085501,0.0,0.0,32.0,0.0,Otro,Intel,Otro,615.0
Acer,Notebook,15.6,4,2.4,0,0,1366,768,100.45466986113651,0.0,500.0,0.0,0.0,Otro,AMD,Windows,387.0
Dell,Notebook,15.6,4,2.2,0,0,1366,768,100.45466986113651,0.0,500.0,0.0,0.0,Intel Pentium Quad,Intel,Linux,393.49
HP,Notebook,15.6,4,1.86,0,0,1366,768,100.45466986113651,0.0,1000.0,0.0,0.0,Intel Core i3,Intel,Otro,345.99
Asus,Gaming,17.3,8,2.7,0,1,1920,1080,127.33567457123111,256.0,1000.0,0.0,0.0,Intel Core i7,Nvidia,Windows,1599.0
Dell,Ultrabook,13.3,4,1.4,0,1,1920,1080,165.6321180513006,256.0,0.0,0.0,0.0,Intel Core i5,AMD,Windows,818.35
HP,Netbook,12.5,4,2.4,0,0,1366,768,125.36742798669837,128.0,0.0,0.0,0.0,Intel Core i5,Intel,Windows,1599.0
Acer,Notebook,15.6,8,2.4,0,0,1920,1080,141.21199808219862,256.0,1000.0,0.0,0.0,Intel Core i5,Nvidia,Windows,799.0
Dell,Notebook,15.6,8,2.36,0,0,1920,1080,141.21199808219862,0.0,1000.0,0.0,0.0,Intel Core i5,AMD,Windows,638.8
MSI,Gaming,17.3,8,2.6,0,0,1920,1080,127.33567457123111,256.0,0.0,0.0,0.0,Intel Core i7,Nvidia,Windows,1599.0
HP,Notebook,15.6,4,1.96,0,0,1366,768,100.45466986113651,0.0,1000.0,0.0,0.0,Intel Pentium Quad,Intel,Windows,500.0
Asus,Gaming,17.3,16,4.3,0,1,1920,1080,127.33567457123111,128.0,1000.0,0.0,0.0,Intel Core i7,Nvidia,Windows,2299.0
Dell,Ultrabook,12.5,4,1.5,0,0,1366,768,125.36742798669837,0.0,500.0,0.0,0.0,Intel Core i3,Intel,Windows,1135.15
Dell,Ultrabook,12.5,4,1.5,0,0,1366,768,125.36742798669837,128.0,0.0,0.0,0.0,Intel Core i3,Intel,Windows,1166.97
Acer,Notebook,15.6,4,2.2,0,0,1366,768,100.45466986113651,16.0,0.0,0.0,0.0,Intel Celeron Dual,Intel,Otro,209.0
HP,Workstation,17.3,8,3.0,0,1,1920,1080,127.33567457123111,0.0,1000.0,0.0,0.0,Intel Core i7,AMD,Windows,2899.0
Lenovo,Gaming,15.6,16,2.4,0,0,1920,1080,141.21199808219862,512.0,0.0,0.0,0.0,Intel Core i7,Nvidia,Windows,1199.0
Dell,Ultrabook,12.5,8,1.5,0,0,1366,768,125.36742798669837,256.0,0.0,0.0,0.0,Intel Core i5,Intel,Windows,1413.1
MSI,Gaming,17.3,8,2.9,0,0,1920,1080,127.33567457123111,128.0,1000.0,0.0,0.0,Intel Core i7,Nvidia,Windows,1511.19
Lenovo,2 in 1 Convertible,15.6,4,2.1,1,1,1920,1080,141.21199808219862,256.0,0.0,0.0,0.0,Intel Core i5,Intel,Windows,867.0
HP,Notebook,15.6,4,2.1,0,0,1920,1080,141.21199808219862,0.0,1000.0,0.0,0.0,Otro,AMD,Windows,398.0
Asus,Gaming,15.6,16,2.59,0,1,1920,1080,141.21199808219862,128.0,1000.0,0.0,0.0,Intel Core i7,Nvidia,Windows,1339.0
HP,Notebook,13.3,8,1.16,1,0,3200,1800,276.053530085501,256.0,0.0,0.0,0.0,Intel Core M,Intel,Windows,1699.0
Dell,Notebook,15.6,4,2.24,0,0,1366,768,100.45466986113651,0.0,500.0,0.0,0.0,Intel Core i5,AMD,Windows,769.15
Lenovo,Notebook,15.6,4,2.1,0,0,1366,768,100.45466986113651,128.0,0.0,0.0,0.0,Intel Core i3,Intel,Windows,429.0
HP,Ultrabook,13.3,8,1.16,0,0,1920,1080,165.6321180513006,512.0,0.0,0.0,0.0,Intel Core i7,Intel,Windows,1969.0
Lenovo,2 in 1 Convertible,10.1,4,0.69,1,1,1920,1200,224.17380907857276,0.0,0.0,64.0,0.0,Otro,Intel,Otro,549.0
Dell,Ultrabook,13.3,8,1.23,0,0,1920,1080,165.6321180513006,256.0,0.0,0.0,0.0,Intel Core i7,Intel,Windows,1379.0
Lenovo,Gaming,17.3,16,4.6,0,1,1920,1080,127.33567457123111,256.0,0.0,0.0,1000.0,Intel Core i7,Nvidia,Windows,2749.99
Razer,Ultrabook,12.5,8,1.25,1,0,3840,2160,352.4651472131677,256.0,0.0,0.0,0.0,Intel Core i7,Intel,Windows,1029.0
Toshiba,Ultrabook,13.3,16,1.05,0,0,1920,1080,165.6321180513006,512.0,0.0,0.0,0.0,Intel Core i7,Intel,Windows,2226.0
Asus,Gaming,17.3,8,3.52,0,0,1920,1080,127.33567457123111,128.0,1000.0,0.0,0.0,Intel Core i7,Nvidia,Windows,1312.49
Vero,Notebook,13.3,4,1.35,0,0,1920,1080,165.6321180513006,0.0,0.0,32.0,0.0,Otro,Intel,Windows,196.0
HP,Notebook,13.3,8,1.16,0,0,1920,1080,165.6321180513006,256.0,0.0,0.0,0.0,Intel Core i5,Intel,Windows,1690.0
HP,Notebook,14.0,8,1.43,0,0,1920,1080,157.3505121487356,256.0,0.0,0.0,0.0,Intel Core i5,Intel,Windows,1513.0
Dell,Notebook,15.6,4,2.09,0,0,1366,768,100.45466986113651,0.0,500.0,0.0,0.0,Intel Core i5,Intel,Linux,523.63
Asus,Notebook,15.6,4,2.0,0,0,1366,768,100.45466986113651,0.0,1000.0,0.0,0.0,Intel Core i3,Intel,Windows,435.0
Lenovo,2 in 1 Convertible,14.0,8,1.8,1,1,1920,1080,157.3505121487356,256.0,0.0,0.0,0.0,Intel Core i7,Intel,Windows,1669.0
Lenovo,2 in 1 Convertible,10.1,4,0.69,1,1,1920,1200,224.17380907857276,0.0,0.0,64.0,0.0,Otro,Intel,Windows,479.0
HP,Ultrabook,12.5,8,1.26,0,0,1366,768,125.36742798669837,256.0,0.0,0.0,0.0,Intel Core i5,Intel,Windows,1895.0
Lenovo,Gaming,15.6,8,2.4,0,1,1920,1080,141.21199808219862,128.0,1000.0,0.0,0.0,Intel Core i5,Nvidia,Otro,989.0
HP,Gaming,17.3,8,3.35,0,1,1920,1080,127.33567457123111,128.0,1000.0,0.0,0.0,Intel Core i5,Nvidia,Windows,1129.0
HP,Notebook,15.6,8,2.04,0,0,1366,768,100.45466986113651,0.0,2000.0,0.0,0.0,Intel Core i7,Intel,Windows,629.0
Lenovo,2 in 1 Convertible,14.0,8,1.8,1,1,1920,1080,157.3505121487356,512.0,0.0,0.0,0.0,Intel Core i7,Nvidia,Windows,2050.38
Asus,Notebook,14.0,4,1.5,0,0,1366,768,111.93520355955211,0.0,0.0,32.0,0.0,Intel Celeron Dual,Intel,Windows,278.0
HP,Ultrabook,15.6,8,1.84,0,0,1920,1080,141.21199808219862,256.0,0.0,0.0,0.0,Intel Core i7,Intel,Windows,752.0
Acer,Notebook,15.6,4,2.23,0,0,1920,1080,141.21199808219862,0.0,1000.0,0.0,0.0,Intel Core i5,Nvidia,Windows,616.0
Lenovo,Notebook,15.6,16,2.5,0,0,1920,1080,141.21199808219862,0.0,0.0,0.0,1000.0,Intel Core i7,AMD,Windows,1099.0
HP,Workstation,17.3,8,3.0,0,1,1920,1080,127.33567457123111,256.0,0.0,0.0,0.0,Intel Core i7,Nvidia,Windows,3949.4
Dell,Notebook,15.6,8,2.5,0,0,1366,768,100.45466986113651,0.0,1000.0,0.0,0.0,Intel Core i5,AMD,Windows,784.0
MSI,Gaming,17.3,16,3.78,0,0,1920,1080,127.33567457123111,256.0,1000.0,0.0,0.0,Intel Core i7,Nvidia,Windows,2399.0
HP,Ultrabook,15.6,8,1.88,0,0,1920,1080,141.21199808219862,256.0,0.0,0.0,0.0,Intel Core i7,Intel,Windows,2171.72
Lenovo,2 in 1 Convertible,14.0,16,2.8,1,1,2560,1440,209.8006828649808,512.0,0.0,0.0,0.0,Intel Core i7,Intel,Windows,2440.0
MSI,Gaming,15.6,8,2.4,0,0,1920,1080,141.21199808219862,128.0,1000.0,0.0,0.0,Intel Core i7,Nvidia,Windows,1142.8
HP,2 in 1 Convertible,13.3,8,1.48,1,0,1920,1080,165.6321180513006,256.0,0.0,0.0,0.0,Intel Core i5,Intel,Windows,1629.0
HP,Workstation,15.6,8,2.59,0,1,1920,1080,141.21199808219862,256.0,0.0,0.0,0.0,Intel Core i7,Nvidia,Windows,2229.0
HP,2 in 1 Convertible,13.3,8,1.48,1,0,2560,1440,220.84282406840083,256.0,0.0,0.0,0.0,Intel Core i7,Intel,Windows,1799.0
HP,Workstation,15.6,8,2.0,0,0,1920,1080,141.21199808219862,256.0,0.0,0.0,0.0,Intel Core i7,Nvidia,Windows,1899.0
HP,Ultrabook,12.5,8,1.26,0,0,1920,1080,176.23257360658386,256.0,0.0,0.0,0.0,Intel Core i7,Intel,Windows,2296.95
Dell,Notebook,15.6,8,2.18,0,0,1920,1080,141.21199808219862,256.0,0.0,0.0,0.0,Intel Core i7,Nvidia,Windows,1009.9
HP,Notebook,15.6,8,1.88,0,0,1920,1080,141.21199808219862,256.0,0.0,0.0,0.0,Intel Core i5,Intel,Windows,1579.0
Lenovo,2 in 1 Convertible,14.0,8,1.27,1,1,2560,1440,209.8006828649808,256.0,0.0,0.0,0.0,Intel Core i7,Intel,Windows,2339.0
Lenovo,Notebook,15.6,4,1.9,0,0,1366,768,100.45466986113651,0.0,1000.0,0.0,0.0,Intel Core i3,Intel,Otro,339.0
HP,Notebook,15.6,4,1.86,0,0,1366,768,100.45466986113651,0.0,500.0,0.0,0.0,Otro,AMD,Windows,297.0
Lenovo,Notebook,15.6,8,2.32,0,0,1920,1080,141.21199808219862,0.0,1000.0,0.0,0.0,Intel Core i5,AMD,Otro,599.0
Dell,Gaming,15.6,8,2.62,0,0,1920,1080,141.21199808219862,0.0,1000.0,0.0,0.0,Intel Core i7,Nvidia,Windows,1199.0
Dell,Notebook,15.6,8,2.04,1,1,3840,2160,282.42399616439724,256.0,0.0,0.0,0.0,Intel Core i5,Nvidia,Windows,2250.68
HP,Notebook,15.6,4,1.91,0,0,1920,1080,141.21199808219862,256.0,0.0,0.0,0.0,Otro,AMD,Windows,478.89
MSI,Gaming,17.3,16,2.7,0,0,1920,1080,127.33567457123111,256.0,1000.0,0.0,0.0,Intel Core i7,Nvidia,Windows,1492.8
Lenovo,Ultrabook,14.0,12,1.4,0,0,1920,1080,157.3505121487356,512.0,0.0,0.0,0.0,Intel Core i7,Intel,Windows,2299.0
Lenovo,Notebook,15.6,8,2.5,0,0,1920,1080,141.21199808219862,0.0,0.0,0.0,1000.0,Intel Core i5,AMD,Windows,788.49
HP,2 in 1 Convertible,13.3,8,1.48,1,0,2560,1440,220.84282406840083,512.0,0.0,0.0,0.0,Intel Core i7,Intel,Windows,2041.0
Lenovo,Ultrabook,14.0,8,1.7,0,0,1920,1080,157.3505121487356,256.0,0.0,0.0,0.0,Intel Core i7,Intel,Windows,1499.0
MSI,Gaming,14.0,16,1.7,0,0,1920,1080,157.3505121487356,256.0,1000.0,0.0,0.0,Intel Core i7,Nvidia,Windows,1769.0
HP,Gaming,15.6,8,2.62,0,1,1920,1080,141.21199808219862,0.0,1000.0,0.0,0.0,Intel Core i7,Nvidia,Windows,899.0
Lenovo,Notebook,15.6,8,2.2,0,0,1366,768,100.45466986113651,0.0,1000.0,0.0,0.0,Intel Core i3,Intel,Windows,459.0
HP,Notebook,15.6,4,2.1,0,0,1366,768,100.45466986113651,0.0,500.0,0.0,0.0,Intel Core i5,Intel,Otro,476.99
Dell,Gaming,15.6,8,2.62,0,0,3840,2160,282.42399616439724,128.0,1000.0,0.0,0.0,Intel Core i7,Nvidia,Windows,1498.0
Lenovo,Notebook,15.6,8,1.95,0,1,1920,1080,141.21199808219862,256.0,0.0,0.0,0.0,Intel Core i5,Intel,Windows,1390.0
Lenovo,Notebook,15.6,4,2.2,0,0,1920,1080,141.21199808219862,0.0,1000.0,0.0,0.0,Intel Core i3,Nvidia,Windows,468.0
HP,Notebook,14.0,2,1.44,0,0,1366,768,111.93520355955211,0.0,0.0,32.0,0.0,Intel Celeron Dual,Intel,Windows,249.0
MSI,Gaming,15.6,8,2.2,0,1,1920,1080,141.21199808219862,0.0,1000.0,0.0,0.0,Intel Core i7,Nvidia,Windows,839.0
HP,Notebook,15.6,8,1.96,0,0,1920,1080,141.21199808219862,256.0,0.0,0.0,0.0,Intel Core i7,Intel,Windows,679.0
HP,Notebook,15.6,16,2.1,0,0,1920,1080,141.21199808219862,512.0,0.0,0.0,0.0,Intel Core i7,Intel,Windows,1159.0
Asus,Notebook,15.6,4,2.2,0,0,1366,768,100.45466986113651,0.0,500.0,0.0,0.0,Intel Celeron Dual,Intel,Windows,369.0
Lenovo,Notebook,15.6,4,2.1,0,0,1366,768,100.45466986113651,0.0,500.0,0.0,0.0,Intel Core i5,Intel,Otro,398.0
Lenovo,Notebook,15.6,8,2.2,0,0,1920,1080,141.21199808219862,0.0,1000.0,0.0,0.0,Intel Core i7,Nvidia,Otro,709.0
Asus,Notebook,14.0,4,2.0,0,0,1920,1080,157.3505121487356,256.0,0.0,0.0,0.0,Intel Core i3,Intel,Windows,769.0
Lenovo,Notebook,15.6,4,2.32,0,0,1920,1080,141.21199808219862,0.0,0.0,0.0,1000.0,Intel Core i7,Intel,Windows,825.0
Lenovo,Gaming,15.6,16,3.31,0,1,1920,1080,141.21199808219862,512.0,0.0,0.0,0.0,Intel Core i7,Nvidia,Windows,1305.0
MSI,Gaming,15.6,16,1.91,0,0,1920,1080,141.21199808219862,128.0,1000.0,0.0,0.0,Intel Core i7,Nvidia,Windows,2153.37
HP,Notebook,15.6,4,2.07,0,0,1366,768,100.45466986113651,0.0,500.0,0.0,0.0,Intel Core i3,Intel,Windows,650.0
Lenovo,2 in 1 Convertible,14.0,8,1.36,1,1,2560,1440,209.8006828649808,256.0,0.0,0.0,0.0,Intel Core i5,Intel,Windows,1637.0
Lenovo,Ultrabook,15.6,6,1.54,0,0,1920,1080,141.21199808219862,256.0,0.0,0.0,0.0,Intel Core i7,Nvidia,Windows,831.0
Dell,Notebook,15.6,8,1.98,0,0,1920,1080,141.21199808219862,256.0,0.0,0.0,0.0,Intel Core i7,Nvidia,Linux,895.01
Acer,Notebook,15.6,4,2.1,0,0,1366,768,100.45466986113651,0.0,500.0,0.0,0.0,Intel Celeron Dual,Intel,Windows,333.0
HP,Notebook,15.6,6,2.18,0,1,1920,1080,141.21199808219862,0.0,1000.0,0.0,0.0,Intel Core i7,Nvidia,Windows,799.0
Asus,Gaming,15.6,8,2.591,0,1,1920,1080,141.21199808219862,256.0,1000.0,0.0,0.0,Intel Core i7,Nvidia,Windows,909.0
Dell,2 in 1 Convertible,15.6,16,2.09,1,0,1920,1080,141.21199808219862,512.0,0.0,0.0,0.0,Intel Core i7,Intel,Windows,1179.0
Acer,Notebook,15.6,4,2.23,0,0,1920,1080,141.21199808219862,256.0,0.0,0.0,0.0,Intel Core i5,Nvidia,Windows,691.0
Dell,Ultrabook,13.3,8,1.23,1,0,3200,1800,276.053530085501,256.0,0.0,0.0,0.0,Intel Core i5,Intel,Linux,1099.0
Acer,Gaming,17.3,16,4.2,0,1,1920,1080,127.33567457123111,256.0,1000.0,0.0,0.0,Intel Core i7,Nvidia,Windows,2599.0
Lenovo,Gaming,15.6,8,2.4,0,1,1920,1080,141.21199808219862,0.0,1000.0,0.0,0.0,Intel Core i5,Nvidia,Windows,819.0
Samsung,2 in 1 Convertible,12.3,4,1.15,1,1,2400,1600,234.50740003017813,0.0,0.0,32.0,0.0,Otro,ARM,Otro,659.0
HP,Notebook,15.6,4,1.86,0,0,1366,768,100.45466986113651,0.0,500.0,0.0,0.0,Intel Core i5,Intel,Windows,485.0
Apple,Ultrabook,12.0,8,0.92,0,1,2304,1440,226.41554716935852,0.0,0.0,256.0,0.0,Intel Core M,Intel,Mac,1163.0
Dell,2 in 1 Convertible,13.3,8,1.6,1,1,1920,1080,165.6321180513006,256.0,0.0,0.0,0.0,Intel Core i5,Intel,Windows,1199.0
HP,Notebook,15.6,12,2.21,0,1,1920,1080,141.21199808219862,128.0,1000.0,0.0,0.0,Intel Core i7,Nvidia,Windows,1327.0
Lenovo,Notebook,15.6,4,1.9,0,0,1366,768,100.45466986113651,0.0,1000.0,0.0,0.0,Intel Core i3,AMD,Otro,368.0
Asus,Gaming,17.3,16,4.3,0,1,1920,1080,127.33567457123111,512.0,1000.0,0.0,0.0,Intel Core i7,Nvidia,Windows,2150.0
Acer,Notebook,15.6,4,2.1,0,0,1366,768,100.45466986113651,0.0,1000.0,0.0,0.0,Intel Celeron Dual,Intel,Linux,272.0
MSI,Gaming,17.3,16,2.43,0,0,1920,1080,127.33567457123111,256.0,1000.0,0.0,0.0,Intel Core i7,Nvidia,Windows,2048.9
Dell,Notebook,15.6,4,2.3,0,0,1366,768,100.45466986113651,128.0,0.0,0.0,0.0,Intel Core i3,AMD,Windows,499.0
Lenovo,Notebook,15.6,8,2.2,0,0,1366,768,100.45466986113651,0.0,500.0,0.0,0.0,Intel Core i7,Nvidia,Otro,629.0
Dell,2 in 1 Convertible,15.6,16,2.0,1,0,1920,1080,141.21199808219862,512.0,0.0,0.0,0.0,Intel Core i7,Intel,Windows,1285.0
Dell,Ultrabook,13.3,16,1.2,1,0,3200,1800,276.053530085501,512.0,0.0,0.0,0.0,Intel Core i7,Intel,Windows,2680.0
Asus,Gaming,15.6,8,2.2,0,0,1920,1080,141.21199808219862,0.0,1000.0,0.0,0.0,Intel Core i7,Nvidia,Windows,1169.0
Dell,Notebook,15.6,8,2.36,0,0,1920,1080,141.21199808219862,256.0,0.0,0.0,0.0,Intel Core i5,AMD,Windows,889.0
HP,Notebook,15.6,8,1.91,0,0,1366,768,100.45466986113651,256.0,0.0,0.0,0.0,Intel Core i5,Intel,Windows,579.0
Lenovo,Notebook,15.6,4,2.2,0,0,1366,768,100.45466986113651,0.0,500.0,0.0,0.0,Otro,AMD,Windows,299.0
Acer,Notebook,17.3,8,3.3,0,0,1600,900,106.11306214269258,0.0,1000.0,0.0,0.0,Intel Core i3,Nvidia,Windows,629.0
Asus,Gaming,15.6,16,2.2,0,0,1920,1080,141.21199808219862,256.0,1000.0,0.0,0.0,Intel Core i7,Nvidia,Windows,2449.0
Apple,Ultrabook,12.0,8,0.92,0,1,2304,1440,226.41554716935852,0.0,0.0,512.0,0.0,Intel Core M,Intel,Mac,1279.0
Asus,Notebook,15.6,16,2.2,0,0,1920,1080,141.21199808219862,128.0,1000.0,0.0,0.0,Intel Core i7,Nvidia,Windows,1749.0
MSI,Gaming,17.3,16,2.43,0,1,1920,1080,127.33567457123111,256.0,1000.0,0.0,0.0,Intel Core i7,Nvidia,Windows,1948.99
Dell,2 in 1 Convertible,15.6,8,2.191,1,1,1920,1080,141.21199808219862,256.0,0.0,0.0,0.0,Intel Core i5,Intel,Windows,999.0
Asus,Gaming,17.3,16,2.9,0,0,1920,1080,127.33567457123111,256.0,1000.0,0.0,0.0,Intel Core i7,Nvidia,Windows,1949.0
Acer,Netbook,11.6,2,1.3,0,0,1366,768,135.0942111925629,32.0,0.0,0.0,0.0,Intel Celeron Dual,Intel,Otro,174.0
Acer,Notebook,17.3,4,3.3,0,0,1600,900,106.11306214269258,0.0,1000.0,0.0,0.0,Intel Core i3,Nvidia,Windows,598.0
Lenovo,Notebook,17.3,8,2.8,0,0,1600,900,106.11306214269258,0.0,1000.0,0.0,0.0,Intel Core i5,Intel,Otro,539.0
Lenovo,Gaming,15.6,8,2.6,0,1,1920,1080,141.21199808219862,128.0,1000.0,0.0,0.0,Intel Core i7,Nvidia,Windows,1272.0
Acer,2 in 1 Convertible,14.0,8,1.2,1,1,1920,1080,157.3505121487356,256.0,0.0,0.0,0.0,Intel Core i7,Intel,Windows,1149.0
Lenovo,Notebook,15.6,8,2.3,0,1,1920,1080,141.21199808219862,256.0,0.0,0.0,0.0,Intel Core i7,Intel,Windows,1529.0
MSI,Gaming,15.6,8,2.2,0,0,1920,1080,141.21199808219862,128.0,1000.0,0.0,0.0,Intel Core i7,Nvidia,Windows,1476.11
HP,Notebook,15.6,6,2.1,0,0,1920,1080,141.21199808219862,0.0,1000.0,0.0,0.0,Otro,AMD,Windows,529.0
Dell,Ultrabook,12.5,8,1.26,1,0,1920,1080,176.23257360658386,256.0,0.0,0.0,0.0,Intel Core i5,Intel,Windows,1713.37
Dell,2 in 1 Convertible,15.0,4,2.08,1,0,1920,1080,146.86047800548656,0.0,500.0,0.0,0.0,Intel Core i3,Intel,Windows,509.0
Asus,Notebook,15.6,4,2.65,0,0,1366,768,100.45466986113651,0.0,1000.0,0.0,0.0,Intel Pentium Quad,Intel,Windows,309.0
Dell,Ultrabook,13.3,8,1.29,1,0,3200,1800,276.053530085501,256.0,0.0,0.0,0.0,Intel Core i7,Intel,Windows,1477.0
Dell,Notebook,15.6,4,2.18,0,0,1366,768,100.45466986113651,0.0,1000.0,0.0,0.0,Intel Core i5,Intel,Linux,521.86
Lenovo,Gaming,15.6,16,2.6,1,1,1920,1080,141.21199808219862,128.0,1000.0,0.0,0.0,Intel Core i7,Nvidia,Windows,1029.0
MSI,Gaming,15.6,8,2.2,0,0,1920,1080,141.21199808219862,128.0,1000.0,0.0,0.0,Intel Core i7,Nvidia,Windows,1149.0
Lenovo,Netbook,12.5,16,1.3,1,1,1920,1080,176.23257360658386,512.0,0.0,0.0,0.0,Intel Core i7,Intel,Windows,1650.0
Razer,Gaming,14.0,16,1.95,0,0,1920,1080,157.3505121487356,1000.0,0.0,0.0,0.0,Intel Core i7,Nvidia,Windows,3499.0
Dell,Notebook,15.6,8,2.3,1,0,1366,768,100.45466986113651,0.0,1000.0,0.0,0.0,Intel Core i3,Intel,Windows,469.01
MSI,Gaming,17.3,16,2.7,0,0,1920,1080,127.33567457123111,256.0,1000.0,0.0,0.0,Intel Core i7,Nvidia,Windows,1598.0
Apple,Ultrabook,11.6,4,1.08,0,0,1366,768,135.0942111925629,0.0,0.0,256.0,0.0,Intel Core i5,Intel,Mac,959.0
HP,Notebook,15.6,4,2.1,0,0,1920,1080,141.21199808219862,0.0,1000.0,0.0,0.0,Intel Core i3,Intel,Windows,478.0
HP,Ultrabook,14.0,8,1.54,0,0,2560,1440,209.8006828649808,256.0,0.0,0.0,0.0,Intel Core i7,Intel,Windows,2198.19
Dell,Notebook,15.6,4,2.24,0,0,1366,768,100.45466986113651,0.0,500.0,0.0,0.0,Intel Core i5,Intel,Windows,737.0
MSI,Gaming,15.6,8,2.3,0,0,1920,1080,141.21199808219862,128.0,1000.0,0.0,0.0,Intel Core i7,Nvidia,Windows,1169.0
Lenovo,Notebook,13.3,16,1.4,0,1,1920,1080,165.6321180513006,512.0,0.0,0.0,0.0,Intel Core i7,Intel,Windows,1499.0
Lenovo,Notebook,15.6,6,2.2,0,0,1920,1080,141.21199808219862,256.0,0.0,0.0,0.0,Otro,AMD,Windows,597.57
Asus,Ultrabook,13.3,8,1.45,0,0,1920,1080,165.6321180513006,256.0,0.0,0.0,0.0,Intel Core i7,Intel,Windows,1280.0
Acer,Notebook,15.6,4,2.4,0,0,1366,768,100.45466986113651,0.0,500.0,0.0,0.0,Intel Core i3,Intel,Linux,361.8
Dell,2 in 1 Convertible,17.3,16,2.77,1,0,1920,1080,127.33567457123111,512.0,0.0,0.0,0.0,Intel Core i7,Nvidia,Windows,1799.0
HP,Notebook,14.0,4,1.54,0,0,1920,1080,157.3505121487356,256.0,0.0,0.0,0.0,Intel Core i5,Intel,Windows,1099.99
Asus,Gaming,15.6,16,2.5,0,1,1920,1080,141.21199808219862,256.0,1000.0,0.0,0.0,Intel Core i7,Nvidia,Windows,1600.0
Dell,Notebook,14.0,4,1.6,0,0,1366,768,111.93520355955211,0.0,500.0,0.0,0.0,Intel Core i5,Intel,Windows,875.0
Asus,Gaming,15.6,16,2.34,0,1,1920,1080,141.21199808219862,256.0,1000.0,0.0,0.0,Intel Core i7,Nvidia,Windows,2325.0
Lenovo,Notebook,15.6,8,2.3,0,1,1920,1080,141.21199808219862,256.0,0.0,0.0,0.0,Intel Core i5,Intel,Otro,573.0
Dell,2 in 1 Convertible,13.3,8,1.24,1,0,3200,1800,276.053530085501,256.0,0.0,0.0,0.0,Intel Core i5,Intel,Windows,1813.0
Dell,Notebook,15.6,4,2.2,0,0,1366,768,100.45466986113651,0.0,500.0,0.0,0.0,Intel Pentium Quad,Intel,Linux,324.0
HP,Notebook,15.6,4,1.86,0,0,1366,768,100.45466986113651,0.0,500.0,0.0,0.0,Otro,AMD,Windows,399.0
Lenovo,Notebook,15.6,6,2.4,0,0,1920,1080,141.21199808219862,128.0,0.0,0.0,0.0,Intel Core i3,Nvidia,Windows,569.0
Lenovo,Notebook,14.0,8,1.9,0,1,1920,1080,157.3505121487356,256.0,0.0,0.0,0.0,Intel Core i5,Intel,Windows,1072.0
Dell,Notebook,15.6,4,2.2,0,0,1366,768,100.45466986113651,0.0,500.0,0.0,0.0,Intel Pentium Quad,Intel,Windows,443.99
Asus,Notebook,15.6,4,2.0,0,0,1366,768,100.45466986113651,0.0,1000.0,0.0,0.0,Intel Celeron Dual,Intel,Windows,339.0
Asus,Gaming,17.3,16,4.0,0,1,1920,1080,127.33567457123111,128.0,1000.0,0.0,0.0,Intel Core i7,Nvidia,Windows,1900.0
Dell,Notebook,15.6,4,2.29,0,0,1366,768,100.45466986113651,0.0,500.0,0.0,0.0,Intel Core i3,Intel,Windows,490.0
Lenovo,Notebook,15.6,8,2.32,0,0,1920,1080,141.21199808219862,0.0,0.0,0.0,1000.0,Intel Core i7,AMD,Windows,895.0
MSI,Gaming,15.6,8,2.4,0,0,1920,1080,141.21199808219862,128.0,1000.0,0.0,0.0,Intel Core i7,Nvidia,Windows,1229.0
Lenovo,2 in 1 Convertible,14.0,4,1.8,1,0,1920,1080,157.3505121487356,128.0,0.0,0.0,0.0,Intel Core i5,Intel,Windows,833.01
Asus,Ultrabook,13.3,8,1.2,0,1,1920,1080,165.6321180513006,512.0,0.0,0.0,0.0,Intel Core M,Intel,Windows,729.0
Dell,Notebook,15.6,6,2.3,0,0,1366,768,100.45466986113651,0.0,1000.0,0.0,0.0,Intel Core i3,Intel,Windows,459.0
Acer,Notebook,15.6,4,2.4,0,0,1366,768,100.45466986113651,0.0,500.0,0.0,0.0,Intel Celeron Dual,Intel,Linux,289.0
Dell,Notebook,15.6,2,2.2,0,0,1366,768,100.45466986113651,0.0,500.0,0.0,0.0,Intel Celeron Dual,Intel,Windows,379.0
Lenovo,Notebook,15.6,8,2.6,0,1,1920,1080,141.21199808219862,0.0,1000.0,0.0,0.0,Intel Core i7,Nvidia,Windows,899.0
HP,Notebook,15.6,6,2.04,0,0,1920,1080,141.21199808219862,0.0,0.0,0.0,1000.0,Otro,AMD,Windows,549.99
Dell,Notebook,15.6,8,2.3,0,0,1366,768,100.45466986113651,0.0,1000.0,0.0,0.0,Intel Core i7,AMD,Linux,805.99
HP,Netbook,11.6,2,1.17,0,0,1366,768,135.0942111925629,0.0,0.0,32.0,0.0,Intel Celeron Dual,Intel,Windows,209.0
Asus,Notebook,15.6,4,2.2,0,0,1366,768,100.45466986113651,0.0,500.0,0.0,0.0,Intel Core i7,Nvidia,Windows,720.32
Lenovo,2 in 1 Convertible,14.0,4,1.8,1,1,1920,1080,157.3505121487356,128.0,0.0,0.0,0.0,Intel Core i7,Intel,Windows,638.0
Lenovo,2 in 1 Convertible,13.3,16,1.3,1,1,3200,1800,276.053530085501,512.0,0.0,0.0,0.0,Intel Core i7,Intel,Windows,1499.0
Lenovo,Notebook,14.0,2,1.5,0,0,1366,768,111.93520355955211,0.0,0.0,64.0,0.0,Intel Celeron Dual,Intel,Windows,229.0
HP,Notebook,15.6,6,2.19,0,0,1366,768,100.45466986113651,0.0,1000.0,0.0,0.0,Intel Core i7,AMD,Windows,764.0
Asus,Notebook,15.6,4,2.2,0,0,1366,768,100.45466986113651,0.0,500.0,0.0,0.0,Intel Celeron Dual,Intel,Windows,369.0
Asus,Ultrabook,13.3,8,1.2,0,1,1920,1080,165.6321180513006,512.0,0.0,0.0,0.0,Intel Core M,Intel,Windows,729.0
Dell,Notebook,15.6,6,2.3,0,0,1366,768,100.45466986113651,0.0,1000.0,0.0,0.0,Intel Core i3,Intel,Windows,459.0
Acer,Notebook,15.6,4,2.4,0,0,1366,768,100.45466986113651,0.0,500.0,0.0,0.0,Intel Celeron Dual,Intel,Linux,289.0
Dell,Notebook,15.6,2,2.2,0,0,1366,768,100.45466986113651,0.0,500.0,0.0,0.0,Intel Celeron Dual,Intel,Windows,379.0
Lenovo,Notebook,15.6,8,2.6,0,1,1920,1080,141.21199808219862,0.0,1000.0,0.0,0.0,Intel Core i7,Nvidia,Windows,899.0
HP,Notebook,15.6,6,2.04,0,0,1920,1080,141.21199808219862,0.0,0.0,0.0,1000.0,Otro,AMD,Windows,549.99
Dell,Notebook,15.6,8,2.3,0,0,1366,768,100.45466986113651,0.0,1000.0,0.0,0.0,Intel Core i7,AMD,Linux,805.99
HP,Netbook,11.6,2,1.17,0,0,1366,768,135.0942111925629,0.0,0.0,32.0,0.0,Intel Celeron Dual,Intel,Windows,209.0
Asus,Notebook,15.6,4,2.2,0,0,1366,768,100.45466986113651,0.0,500.0,0.0,0.0,Intel Core i7,Nvidia,Windows,720.32
Lenovo,2 in 1 Convertible,14.0,4,1.8,1,1,1920,1080,157.3505121487356,128.0,0.0,0.0,0.0,Intel Core i7,Intel,Windows,638.0
Lenovo,2 in 1 Convertible,13.3,16,1.3,1,1,3200,1800,276.053530085501,512.0,0.0,0.0,0.0,Intel Core i7,Intel,Windows,1499.0
Lenovo,Notebook,14.0,2,1.5,0,0,1366,768,111.93520355955211,0.0,0.0,64.0,0.0,Intel Celeron Dual,Intel,Windows,229.0
HP,Notebook,15.6,6,2.19,0,0,1366,768,100.45466986113651,0.0,1000.0,0.0,0.0,Intel Core i7,AMD,Windows,764.0
Asus,Notebook,15.6,4,2.2,0,0,1366,768,100.45466986113651,0.0,500.0,0.0,0.0,Intel Celeron Dual,Intel,Windows,369.0
Asus,Ultrabook,13.3,8,1.2,0,1,1920,1080,165.6321180513006,512.0,0.0,0.0,0.0,Intel Core M,Intel,Windows,729.0
Dell,Notebook,15.6,6,2.3,0,0,1366,768,100.45466986113651,0.0,1000.0,0.0,0.0,Intel Core i3,Intel,Windows,459.0
Acer,Notebook,15.6,4,2.4,0,0,1366,768,100.45466986113651,0.0,500.0,0.0,0.0,Intel Celeron Dual,Intel,Linux,289.0
Dell,Notebook,15.6,2,2.2,0,0,1366,768,100.45466986113651,0.0,500.0,0.0,0.0,Intel Celeron Dual,Intel,Windows,379.0
Lenovo,Notebook,15.6,8,2.6,0,1,1920,1080,141.21199808219862,0.0,1000.0,0.0,0.0,Intel Core i7,Nvidia,Windows,899.0
HP,Notebook,15.6,6,2.04,0,0,1920,1080,141.21199808219862,0.0,0.0,0.0,1000.0,Otro,AMD,Windows,549.99
Dell,Notebook,15.6,8,2.3,0,0,1366,768,100.45466986113651,0.0,1000.0,0.0,0.0,Intel Core i7,AMD,Linux,805.99
HP,Netbook,11.6,2,1.17,0,0,1366,768,135.0942111925629,0.0,0.0,32.0,0.0,Intel Celeron Dual,Intel,Windows,209.0
Asus,Notebook,15.6,4,2.2,0,0,1366,768,100.45466986113651,0.0,500.0,0.0,0.0,Intel Core i7,Nvidia,Windows,720.32
Lenovo,2 in 1 Convertible,14.0,4,1.8,1,1,1920,1080,157.3505121487356,128.0,0.0,0.0,0.0,Intel Core i7,Intel,Windows,638.0
Lenovo,2 in 1 Convertible,13.3,16,1.3,1,1,3200,1800,276.053530085501,512.0,0.0,0.0,0.0,Intel Core i7,Intel,Windows,1499.0
Lenovo,Notebook,14.0,2,1.5,0,0,1366,768,111.93520355955211,0.0,0.0,64.0,0.0,Intel Celeron Dual,Intel,Windows,229.0
HP,Notebook,15.6,6,2.19,0,0,1366,768,100.45466986113651,0.0,1000.0,0.0,0.0,Intel Core i7,AMD,Windows,764.0
Asus,Notebook,15.6,4,2.2,0,0,1366,768,100.45466986113651,0.0,500.0,0.0,0.0,Intel Celeron Dual,Intel,Windows,369.0
